No.,Time,Source,Destination,Protocol,Length,Info,,,,TIME 1 ,TIME 2,DELAY ,delay 2,delay 1,jitter
1,0,192.168.100.41,93.184.216.34,TCP,66,52949  >  80 [SYN] Seq=0 Win=64240 Len=0 MSS=1460 WS=256 SACK_PERM=1,,,,0,0.016347,0.016347,0.000191,-0.016156,0.016347
2,0.016347,40.90.189.152,192.168.100.41,TCP,54,443  >  58153 [ACK] Seq=1 Ack=1 Win=12061 Len=0,,,,0.016347,0.016538,0.000191,0.002924,0.002733,0.000191
3,0.016538,192.168.100.41,40.90.189.152,TCP,54,[TCP ACKed unseen segment] 58153  >  443 [ACK] Seq=179943468 Ack=1297691774 Win=509 Len=0,,,,0.016538,0.019462,0.002924,0.001206,-0.001718,0.002924
4,0.019462,93.184.216.34,192.168.100.41,TCP,62,"80  >  52949 [SYN, ACK] Seq=0 Ack=1 Win=4236 Len=0 MSS=1412 SACK_PERM=1",,,,0.019462,0.020668,0.001206,0.00193,0.000724,0.001206
5,0.019772,192.168.100.41,93.184.216.34,TCP,54,52949  >  80 [ACK] Seq=1 Ack=1 Win=64240 Len=0,,,,0.020668,0.022598,0.00193,0.000308,-0.001622,0.00193
6,0.020668,192.168.100.41,93.184.216.34,TCP,54,"52949  >  80 [FIN, ACK] Seq=1 Ack=1 Win=64240 Len=0",,,,0.022598,0.022906,0.000308,0.000201,-0.000107,0.000308
7,0.022598,93.184.216.34,192.168.100.41,TCP,54,80  >  52949 [ACK] Seq=1 Ack=2 Win=4236 Len=0,,,,0.022906,0.023107,0.000201,4.998259,4.998058,0.000201
8,0.022906,93.184.216.34,192.168.100.41,TCP,54,"80  >  52949 [FIN, ACK] Seq=1 Ack=2 Win=4236 Len=0",,,,0.023107,5.021366,4.998259,5.006685,0.008426,4.998259
9,0.023107,192.168.100.41,93.184.216.34,TCP,54,52949  >  80 [ACK] Seq=2 Ack=2 Win=64240 Len=0,,,,5.021366,10.028051,5.006685,0,-5.006685,5.006685
10,5.021366,192.168.100.41,93.184.216.34,TCP,66,52950  >  80 [SYN] Seq=0 Win=64240 Len=0 MSS=1460 WS=256 SACK_PERM=1,,,,10.028051,10.028051,0,0.003707,0.003707,0
11,10.028051,93.184.216.34,192.168.100.41,TCP,62,"80  >  52950 [SYN, ACK] Seq=0 Ack=1 Win=4236 Len=0 MSS=1412 SACK_PERM=1",,,,10.028051,10.031758,0.003707,0.000312,-0.003395,0.003707
12,10.028051,192.168.100.41,93.184.216.34,TCP,54,52950  >  80 [ACK] Seq=1 Ack=1 Win=64240 Len=0,,,,10.031758,10.03207,0.000312,0.000915,0.000603,0.000312
13,10.031758,192.168.100.41,93.184.216.34,TCP,54,"52950  >  80 [FIN, ACK] Seq=1 Ack=1 Win=64240 Len=0",,,,10.03207,10.032985,0.000915,0.001846,0.000931,0.000915
14,10.03207,93.184.216.34,192.168.100.41,TCP,54,80  >  52950 [ACK] Seq=1 Ack=2 Win=4236 Len=0,,,,10.032985,10.034831,0.001846,0.00031,-0.001536,0.001846
15,10.032985,93.184.216.34,192.168.100.41,TCP,54,"80  >  52950 [FIN, ACK] Seq=1 Ack=2 Win=4236 Len=0",,,,10.034831,10.035141,0.00031,5.002876,5.002566,0.00031
16,10.034831,192.168.100.41,93.184.216.34,TCP,54,52950  >  80 [ACK] Seq=2 Ack=2 Win=64240 Len=0,,,,10.035141,15.038017,5.002876,1E-06,-5.002875,5.002876
20,10.035141,192.168.100.41,93.184.216.34,TCP,66,52951  >  80 [SYN] Seq=0 Win=64240 Len=0 MSS=1460 WS=256 SACK_PERM=1,,,,15.038017,15.038018,1E-06,1E-06,1.77636E-15,1E-06
21,15.038017,192.168.100.41,TCP,62,"80  >  52951 [SYN, ACK] Seq=0 Ack=1 Win=4236 Len=0 MSS=1412 SACK_PERM=1",,,,,15.038018,15.038019,1E-06,1E-06,-1.77636E-15,1E-06
22,15.038018,93.184.216.34,TCP,54,52951  >  80 [ACK] Seq=1 Ack=1 Win=64240 Len=0,,,,,15.038019,15.03802,1E-06,-1E-05,-1.1E-05,1E-06
23,15.038019,93.184.216.34,TCP,54,"52951  >  80 [FIN, ACK] Seq=1 Ack=1 Win=64240 Len=0",,,,,15.03802,15.03801,-1E-05,1.2E-05,2.2E-05,-1E-05
24,15.03802,192.168.100.41,TCP,54,80  >  52951 [ACK] Seq=1 Ack=2 Win=4236 Len=0,,,,,15.03801,15.038022,1.2E-05,0.006958,0.006946,1.2E-05
25,15.03801,192.168.100.41,TCP,54,"80  >  52951 [FIN, ACK] Seq=1 Ack=2 Win=4236 Len=0",,,,,15.038022,15.04498,0.006958,5.007327,5.000369,0.006958
26,15.038022,93.184.216.34,TCP,54,52951  >  80 [ACK] Seq=2 Ack=2 Win=64240 Len=0,,,,,15.04498,20.052307,5.007327,,-5.007327,
27,15.04498,93.184.216.34,TCP,66,52952  >  80 [SYN] Seq=0 Win=64240 Len=0 MSS=1460 WS=256 SACK_PERM=1,,,,,,,,,,
28,20.052307,192.168.100.41,TCP,62,"80  >  52952 [SYN, ACK] Seq=0 Ack=1 Win=4236 Len=0 MSS=1412 SACK_PERM=1",,,,,,total delay,20.052307,,total jitter,15.04498
29,20.055517,93.184.216.34,TCP,54,52952  >  80 [ACK] Seq=1 Ack=1 Win=64240 Len=0,,,,,,rata delay ,0.022181756,,rata jitter,0.016642677
30,20.055843,93.184.216.34,TCP,54,"52952  >  80 [FIN, ACK] Seq=1 Ack=1 Win=64240 Len=0",,,,,,,,,,
31,20.056437,192.168.100.41,TCP,54,80  >  52952 [ACK] Seq=1 Ack=2 Win=4236 Len=0,,,,,,,,,,
32,20.058389,192.168.100.41,TCP,54,"80  >  52952 [FIN, ACK] Seq=1 Ack=2 Win=4236 Len=0",,,,,,,,,,
33,20.058692,93.184.216.34,TCP,54,52952  >  80 [ACK] Seq=2 Ack=2 Win=64240 Len=0,,,,,,,,,,
34,20.058893,93.184.216.34,TCP,66,52953  >  80 [SYN] Seq=0 Win=64240 Len=0 MSS=1460 WS=256 SACK_PERM=1,,,,,,,,,,
35,25.066476,192.168.100.41,TCP,62,"80  >  52953 [SYN, ACK] Seq=0 Ack=1 Win=4236 Len=0 MSS=1412 SACK_PERM=1",,,,,,,,,,
36,25.06993,93.184.216.34,TCP,54,52953  >  80 [ACK] Seq=1 Ack=1 Win=64240 Len=0,,,,,,,,,,
37,25.070253,93.184.216.34,TCP,54,"52953  >  80 [FIN, ACK] Seq=1 Ack=1 Win=64240 Len=0",,,,,,,,,,
38,25.071177,192.168.100.41,TCP,54,80  >  52953 [ACK] Seq=1 Ack=2 Win=4236 Len=0,,,,,,,,,,
39,25.073201,192.168.100.41,TCP,54,"80  >  52953 [FIN, ACK] Seq=1 Ack=2 Win=4236 Len=0",,,,,,,,,,
40,25.073511,93.184.216.34,TCP,54,52953  >  80 [ACK] Seq=2 Ack=2 Win=64240 Len=0,,,,,,,,,,
41,25.073714,93.184.216.34,TCP,66,52954  >  80 [SYN] Seq=0 Win=64240 Len=0 MSS=1460 WS=256 SACK_PERM=1,,,,,,,,,,
42,30.080112,192.168.100.41,TCP,62,"80  >  52954 [SYN, ACK] Seq=0 Ack=1 Win=4236 Len=0 MSS=1412 SACK_PERM=1",,,,,,,,,,
43,30.081173,93.184.216.34,TCP,54,52954  >  80 [ACK] Seq=1 Ack=1 Win=64240 Len=0,,,,,,,,,,
44,30.081326,93.184.216.34,TCP,54,"52954  >  80 [FIN, ACK] Seq=1 Ack=1 Win=64240 Len=0",,,,,,,,,,
45,30.084304,192.168.100.41,TCP,54,80  >  52954 [ACK] Seq=1 Ack=2 Win=4236 Len=0,,,,,,,,,,
46,30.084617,192.168.100.41,TCP,54,"80  >  52954 [FIN, ACK] Seq=1 Ack=2 Win=4236 Len=0",,,,,,,,,,
47,30.085558,93.184.216.34,TCP,54,52954  >  80 [ACK] Seq=2 Ack=2 Win=64240 Len=0,,,,,,,,,,
48,30.087884,93.184.216.34,TCP,66,52955  >  80 [SYN] Seq=0 Win=64240 Len=0 MSS=1460 WS=256 SACK_PERM=1,,,,,,,,,,
49,30.088197,192.168.100.41,TCP,54,[TCP Dup ACK 2#1] 443  >  58153 [ACK] Seq=1 Ack=1 Win=12061 Len=0,,,,,,,,,,
50,30.088398,40.90.189.152,TCP,54,[TCP Dup ACK 3#1] [TCP ACKed unseen segment] 58153  >  443 [ACK] Seq=179943468 Ack=1297691774 Win=509 Len=0,,,,,,,,,,
51,35.094084,192.168.100.41,TCP,62,"80  >  52955 [SYN, ACK] Seq=0 Ack=1 Win=4236 Len=0 MSS=1412 SACK_PERM=1",,,,,,,,,,
52,35.097668,93.184.216.34,TCP,54,52955  >  80 [ACK] Seq=1 Ack=1 Win=64240 Len=0,,,,,,,,,,
53,35.097975,93.184.216.34,TCP,54,"52955  >  80 [FIN, ACK] Seq=1 Ack=1 Win=64240 Len=0",,,,,,,,,,
54,35.098889,192.168.100.41,TCP,54,80  >  52955 [ACK] Seq=1 Ack=2 Win=4236 Len=0,,,,,,,,,,
55,35.101022,192.168.100.41,TCP,54,"80  >  52955 [FIN, ACK] Seq=1 Ack=2 Win=4236 Len=0",,,,,,,,,,
56,35.101337,93.184.216.34,TCP,54,52955  >  80 [ACK] Seq=2 Ack=2 Win=64240 Len=0,,,,,,,,,,
57,35.101538,93.184.216.34,TCP,66,52956  >  80 [SYN] Seq=0 Win=64240 Len=0 MSS=1460 WS=256 SACK_PERM=1,,,,,,,,,,
58,40.108209,192.168.100.41,TCP,62,"80  >  52956 [SYN, ACK] Seq=0 Ack=1 Win=4236 Len=0 MSS=1412 SACK_PERM=1",,,,,,,,,,
59,40.1122,93.184.216.34,TCP,54,52956  >  80 [ACK] Seq=1 Ack=1 Win=64240 Len=0,,,,,,,,,,
60,40.112509,93.184.216.34,TCP,54,"52956  >  80 [FIN, ACK] Seq=1 Ack=1 Win=64240 Len=0",,,,,,,,,,
61,40.113422,192.168.100.41,TCP,54,80  >  52956 [ACK] Seq=1 Ack=2 Win=4236 Len=0,,,,,,,,,,
62,40.115406,192.168.100.41,TCP,54,"80  >  52956 [FIN, ACK] Seq=1 Ack=2 Win=4236 Len=0",,,,,,,,,,
63,40.115715,93.184.216.34,TCP,54,52956  >  80 [ACK] Seq=2 Ack=2 Win=64240 Len=0,,,,,,,,,,
64,40.115915,93.184.216.34,TCP,66,52957  >  80 [SYN] Seq=0 Win=64240 Len=0 MSS=1460 WS=256 SACK_PERM=1,,,,,,,,,,
65,40.115715,192.168.100.41,TCP,62,"80  >  52957 [SYN, ACK] Seq=0 Ack=1 Win=4236 Len=0 MSS=1412 SACK_PERM=1",,,,,,,,,,
66,40.115915,93.184.216.34,TCP,54,52957  >  80 [ACK] Seq=1 Ack=1 Win=64240 Len=0,,,,,,,,,,
67,45.10833,93.184.216.34,TCP,54,"52957  >  80 [FIN, ACK] Seq=1 Ack=1 Win=64240 Len=0",,,,,,,,,,
68,45.111927,192.168.100.41,TCP,54,80  >  52957 [ACK] Seq=1 Ack=2 Win=4236 Len=0,,,,,,,,,,
69,45.112238,192.168.100.41,TCP,54,"80  >  52957 [FIN, ACK] Seq=1 Ack=2 Win=4236 Len=0",,,,,,,,,,
70,45.113169,93.184.216.34,TCP,54,52957  >  80 [ACK] Seq=2 Ack=2 Win=64240 Len=0,,,,,,,,,,
71,45.115538,93.184.216.34,TCP,66,52958  >  80 [SYN] Seq=0 Win=64240 Len=0 MSS=1460 WS=256 SACK_PERM=1,,,,,,,,,,
72,45.112238,93.184.216.34,192.168.100.41,TCP,62,"80  >  52958 [SYN, ACK] Seq=0 Ack=1 Win=4236 Len=0 MSS=1412 SACK_PERM=1",,,,,,,,,
73,45.113169,192.168.100.41,93.184.216.34,TCP,54,52958  >  80 [ACK] Seq=1 Ack=1 Win=64240 Len=0,,,,,,,,,
74,45.115538,192.168.100.41,93.184.216.34,TCP,54,"52958  >  80 [FIN, ACK] Seq=1 Ack=1 Win=64240 Len=0",,,,,,,,,
75,45.115846,93.184.216.34,192.168.100.41,TCP,54,80  >  52958 [ACK] Seq=1 Ack=2 Win=4236 Len=0,,,,,,,,,
76,45.116045,93.184.216.34,192.168.100.41,TCP,54,"80  >  52958 [FIN, ACK] Seq=1 Ack=2 Win=4236 Len=0",,,,,,,,,
77,50.122526,192.168.100.41,93.184.216.34,TCP,54,52958  >  80 [ACK] Seq=2 Ack=2 Win=64240 Len=0,,,,,,,,,
78,50.125681,192.168.100.41,93.184.216.34,TCP,66,52959  >  80 [SYN] Seq=0 Win=64240 Len=0 MSS=1460 WS=256 SACK_PERM=1,,,,,,,,,
79,50.126002,93.184.216.34,192.168.100.41,TCP,62,"80  >  52959 [SYN, ACK] Seq=0 Ack=1 Win=4236 Len=0 MSS=1412 SACK_PERM=1",,,,,,,,,
80,50.126602,192.168.100.41,93.184.216.34,TCP,54,52959  >  80 [ACK] Seq=1 Ack=1 Win=64240 Len=0,,,,,,,,,
81,50.130791,192.168.100.41,93.184.216.34,TCP,54,"52959  >  80 [FIN, ACK] Seq=1 Ack=1 Win=64240 Len=0",,,,,,,,,
82,50.1311,93.184.216.34,192.168.100.41,TCP,54,80  >  52959 [ACK] Seq=1 Ack=2 Win=4236 Len=0,,,,,,,,,
83,50.131301,93.184.216.34,192.168.100.41,TCP,54,"80  >  52959 [FIN, ACK] Seq=1 Ack=2 Win=4236 Len=0",,,,,,,,,
84,55.13616,192.168.100.41,93.184.216.34,TCP,54,52959  >  80 [ACK] Seq=2 Ack=2 Win=64240 Len=0,,,,,,,,,
85,55.13961,192.168.100.41,93.184.216.34,TCP,66,52960  >  80 [SYN] Seq=0 Win=64240 Len=0 MSS=1460 WS=256 SACK_PERM=1,,,,,,,,,
86,55.13992,93.184.216.34,192.168.100.41,TCP,62,"80  >  52960 [SYN, ACK] Seq=0 Ack=1 Win=4236 Len=0 MSS=1412 SACK_PERM=1",,,,,,,,,
87,55.14083,192.168.100.41,93.184.216.34,TCP,54,52960  >  80 [ACK] Seq=1 Ack=1 Win=64240 Len=0,,,,,,,,,
88,55.142897,192.168.100.41,93.184.216.34,TCP,54,"52960  >  80 [FIN, ACK] Seq=1 Ack=1 Win=64240 Len=0",,,,,,,,,
89,55.143208,93.184.216.34,192.168.100.41,TCP,54,80  >  52960 [ACK] Seq=1 Ack=2 Win=4236 Len=0,,,,,,,,,
90,55.14341,93.184.216.34,192.168.100.41,TCP,54,"80  >  52960 [FIN, ACK] Seq=1 Ack=2 Win=4236 Len=0",,,,,,,,,
91,57.241042,192.168.100.41,93.184.216.34,TCP,54,52960  >  80 [ACK] Seq=2 Ack=2 Win=64240 Len=0,,,,,,,,,
92,57.301586,192.168.100.41,20.189.73.166,TCP,66,52961  >  443 [SYN] Seq=0 Win=64240 Len=0 MSS=1460 WS=256 SACK_PERM=1,,,,,,,,,
93,57.301911,20.189.73.166,192.168.100.41,TCP,66,"443  >  52961 [SYN, ACK] Seq=0 Ack=1 Win=65535 Len=0 MSS=1412 WS=256 SACK_PERM=1",,,,,,,,,
94,57.303538,192.168.100.41,20.189.73.166,TCP,54,52961  >  443 [ACK] Seq=1 Ack=1 Win=131072 Len=0,,,,,,,,,
95,57.36332,192.168.100.41,20.189.73.166,TLSv1.2,273,Client Hello,,,,,,,,,
96,57.363711,20.189.73.166,192.168.100.41,TCP,1466,443  >  52961 [ACK] Seq=1 Ack=220 Win=524800 Len=1412 [TCP segment of a reassembled PDU],,,,,,,,,
97,57.363711,20.189.73.166,192.168.100.41,TCP,1466,443  >  52961 [ACK] Seq=1413 Ack=220 Win=524800 Len=1412 [TCP segment of a reassembled PDU],,,,,,,,,
98,57.363921,20.189.73.166,192.168.100.41,TLSv1.2,1082,"Server Hello, Certificate, Server Key Exchange, Server Hello Done",,,,,,,,,
99,57.38099,192.168.100.41,20.189.73.166,TCP,54,52961  >  443 [ACK] Seq=220 Ack=3853 Win=131072 Len=0,,,,,,,,,
100,57.439957,192.168.100.41,20.189.73.166,TLSv1.2,212,"Client Key Exchange, Change Cipher Spec, Encrypted Handshake Message",,,,,,,,,
101,57.440325,20.189.73.166,192.168.100.41,TLSv1.2,105,"Change Cipher Spec, Encrypted Handshake Message",,,,,,,,,
102,57.440473,20.189.73.166,192.168.100.41,TLSv1.2,123,Application Data,,,,,,,,,
103,57.442903,192.168.100.41,20.189.73.166,TCP,54,52961  >  443 [ACK] Seq=378 Ack=3973 Win=131072 Len=0,,,,,,,,,
104,57.443307,192.168.100.41,20.189.73.166,TLSv1.2,141,Application Data,,,,,,,,,
105,57.4437,192.168.100.41,20.189.73.166,TLSv1.2,336,Application Data,,,,,,,,,
106,57.443956,192.168.100.41,20.189.73.166,TLSv1.2,92,Application Data,,,,,,,,,
107,57.501128,192.168.100.41,20.189.73.166,TLSv1.2,1361,Application Data,,,,,,,,,
108,57.501869,20.189.73.166,192.168.100.41,TLSv1.2,92,Application Data,,,,,,,,,
109,57.502336,20.189.73.166,192.168.100.41,TCP,56,443  >  52961 [ACK] Seq=4011 Ack=785 Win=524288 Len=0,,,,,,,,,
110,57.502336,20.189.73.166,192.168.100.41,TCP,56,443  >  52961 [ACK] Seq=4011 Ack=2092 Win=525056 Len=0,,,,,,,,,
111,57.502551,20.189.73.166,192.168.100.41,TLSv1.2,96,Application Data,,,,,,,,,
112,57.507661,192.168.100.41,20.189.73.166,TCP,54,52961  >  443 [ACK] Seq=2092 Ack=4053 Win=131072 Len=0,,,,,,,,,
113,57.513715,20.189.73.166,192.168.100.41,TLSv1.2,1461,Application Data,,,,,,,,,
114,57.571013,192.168.100.41,20.189.73.166,TCP,54,"52961  >  443 [FIN, ACK] Seq=2092 Ack=5460 Win=131072 Len=0",,,,,,,,,
115,57.571203,20.189.73.166,192.168.100.41,TLSv1.2,96,Application Data,,,,,,,,,
116,57.571416,192.168.100.41,20.189.73.166,TCP,54,"52961  >  443 [RST, ACK] Seq=2093 Ack=5502 Win=0 Len=0",,,,,,,,,
117,60.150263,20.189.73.166,192.168.100.41,TCP,54,"443  >  52961 [FIN, ACK] Seq=5502 Ack=2093 Win=525056 Len=0",,,,,,,,,
118,60.151503,192.168.100.41,93.184.216.34,TCP,66,52962  >  80 [SYN] Seq=0 Win=64240 Len=0 MSS=1460 WS=256 SACK_PERM=1,,,,,,,,,
119,60.151689,40.90.189.152,192.168.100.41,TCP,54,[TCP Dup ACK 2#2] 443  >  58153 [ACK] Seq=1 Ack=1 Win=12061 Len=0,,,,,,,,,
120,60.154708,192.168.100.41,40.90.189.152,TCP,54,[TCP Dup ACK 3#2] [TCP ACKed unseen segment] 58153  >  443 [ACK] Seq=179943468 Ack=1297691774 Win=509 Len=0,,,,,,,,,
121,60.155024,93.184.216.34,192.168.100.41,TCP,62,"80  >  52962 [SYN, ACK] Seq=0 Ack=1 Win=4236 Len=0 MSS=1412 SACK_PERM=1",,,,,,,,,
122,60.155705,192.168.100.41,93.184.216.34,TCP,54,52962  >  80 [ACK] Seq=1 Ack=1 Win=64240 Len=0,,,,,,,,,
123,60.15857,192.168.100.41,93.184.216.34,TCP,54,"52962  >  80 [FIN, ACK] Seq=1 Ack=1 Win=64240 Len=0",,,,,,,,,
124,60.158884,93.184.216.34,192.168.100.41,TCP,54,80  >  52962 [ACK] Seq=1 Ack=2 Win=4236 Len=0,,,,,,,,,
125,60.159083,93.184.216.34,192.168.100.41,TCP,54,"80  >  52962 [FIN, ACK] Seq=1 Ack=2 Win=4236 Len=0",,,,,,,,,
126,65.164122,192.168.100.41,93.184.216.34,TCP,54,52962  >  80 [ACK] Seq=2 Ack=2 Win=64240 Len=0,,,,,,,,,
128,65.167331,192.168.100.41,93.184.216.34,TCP,66,52963  >  80 [SYN] Seq=0 Win=64240 Len=0 MSS=1460 WS=256 SACK_PERM=1,,,,,,,,,
129,65.167643,93.184.216.34,192.168.100.41,TCP,62,"80  >  52963 [SYN, ACK] Seq=0 Ack=1 Win=4236 Len=0 MSS=1412 SACK_PERM=1",,,,,,,,,
130,65.16861,192.168.100.41,93.184.216.34,TCP,54,52963  >  80 [ACK] Seq=1 Ack=1 Win=64240 Len=0,,,,,,,,,
131,65.171867,192.168.100.41,93.184.216.34,TCP,54,"52963  >  80 [FIN, ACK] Seq=1 Ack=1 Win=64240 Len=0",,,,,,,,,
132,65.172176,93.184.216.34,192.168.100.41,TCP,54,80  >  52963 [ACK] Seq=1 Ack=2 Win=4236 Len=0,,,,,,,,,
133,65.172376,93.184.216.34,192.168.100.41,TCP,54,"80  >  52963 [FIN, ACK] Seq=1 Ack=2 Win=4236 Len=0",,,,,,,,,
134,70.178192,192.168.100.41,93.184.216.34,TCP,54,52963  >  80 [ACK] Seq=2 Ack=2 Win=64240 Len=0,,,,,,,,,
136,70.182287,192.168.100.41,93.184.216.34,TCP,66,52964  >  80 [SYN] Seq=0 Win=64240 Len=0 MSS=1460 WS=256 SACK_PERM=1,,,,,,,,,
137,70.182606,93.184.216.34,192.168.100.41,TCP,62,"80  >  52964 [SYN, ACK] Seq=0 Ack=1 Win=4236 Len=0 MSS=1412 SACK_PERM=1",,,,,,,,,
138,70.183554,192.168.100.41,93.184.216.34,TCP,54,52964  >  80 [ACK] Seq=1 Ack=1 Win=64240 Len=0,,,,,,,,,
139,70.1856,192.168.100.41,93.184.216.34,TCP,54,"52964  >  80 [FIN, ACK] Seq=1 Ack=1 Win=64240 Len=0",,,,,,,,,
140,70.18591,93.184.216.34,192.168.100.41,TCP,54,80  >  52964 [ACK] Seq=1 Ack=2 Win=4236 Len=0,,,,,,,,,
141,70.186111,93.184.216.34,192.168.100.41,TCP,54,"80  >  52964 [FIN, ACK] Seq=1 Ack=2 Win=4236 Len=0",,,,,,,,,
142,75.190256,192.168.100.41,93.184.216.34,TCP,54,52964  >  80 [ACK] Seq=2 Ack=2 Win=64240 Len=0,,,,,,,,,
146,75.193558,192.168.100.41,93.184.216.34,TCP,66,52965  >  80 [SYN] Seq=0 Win=64240 Len=0 MSS=1460 WS=256 SACK_PERM=1,,,,,,,,,
147,75.193871,93.184.216.34,192.168.100.41,TCP,62,"80  >  52965 [SYN, ACK] Seq=0 Ack=1 Win=4236 Len=0 MSS=1412 SACK_PERM=1",,,,,,,,,
148,75.194789,192.168.100.41,93.184.216.34,TCP,54,52965  >  80 [ACK] Seq=1 Ack=1 Win=64240 Len=0,,,,,,,,,
149,75.196615,192.168.100.41,93.184.216.34,TCP,54,"52965  >  80 [FIN, ACK] Seq=1 Ack=1 Win=64240 Len=0",,,,,,,,,
150,75.196923,93.184.216.34,192.168.100.41,TCP,54,80  >  52965 [ACK] Seq=1 Ack=2 Win=4236 Len=0,,,,,,,,,
151,75.197133,93.184.216.34,192.168.100.41,TCP,54,"80  >  52965 [FIN, ACK] Seq=1 Ack=2 Win=4236 Len=0",,,,,,,,,
152,80.20435,192.168.100.41,93.184.216.34,TCP,54,52965  >  80 [ACK] Seq=2 Ack=2 Win=64240 Len=0,,,,,,,,,
155,80.20768,192.168.100.41,93.184.216.34,TCP,66,52966  >  80 [SYN] Seq=0 Win=64240 Len=0 MSS=1460 WS=256 SACK_PERM=1,,,,,,,,,
156,80.207994,93.184.216.34,192.168.100.41,TCP,62,"80  >  52966 [SYN, ACK] Seq=0 Ack=1 Win=4236 Len=0 MSS=1412 SACK_PERM=1",,,,,,,,,
157,80.208913,192.168.100.41,93.184.216.34,TCP,54,52966  >  80 [ACK] Seq=1 Ack=1 Win=64240 Len=0,,,,,,,,,
158,80.211061,192.168.100.41,93.184.216.34,TCP,54,"52966  >  80 [FIN, ACK] Seq=1 Ack=1 Win=64240 Len=0",,,,,,,,,
159,80.211371,93.184.216.34,192.168.100.41,TCP,54,80  >  52966 [ACK] Seq=1 Ack=2 Win=4236 Len=0,,,,,,,,,
160,80.211573,93.184.216.34,192.168.100.41,TCP,54,"80  >  52966 [FIN, ACK] Seq=1 Ack=2 Win=4236 Len=0",,,,,,,,,
161,85.218312,192.168.100.41,93.184.216.34,TCP,54,52966  >  80 [ACK] Seq=2 Ack=2 Win=64240 Len=0,,,,,,,,,
162,85.221693,192.168.100.41,93.184.216.34,TCP,66,52967  >  80 [SYN] Seq=0 Win=64240 Len=0 MSS=1460 WS=256 SACK_PERM=1,,,,,,,,,
163,85.222014,93.184.216.34,192.168.100.41,TCP,62,"80  >  52967 [SYN, ACK] Seq=0 Ack=1 Win=4236 Len=0 MSS=1412 SACK_PERM=1",,,,,,,,,
164,85.222931,192.168.100.41,93.184.216.34,TCP,54,52967  >  80 [ACK] Seq=1 Ack=1 Win=64240 Len=0,,,,,,,,,
165,85.224868,192.168.100.41,93.184.216.34,TCP,54,"52967  >  80 [FIN, ACK] Seq=1 Ack=1 Win=64240 Len=0",,,,,,,,,
166,85.225178,93.184.216.34,192.168.100.41,TCP,54,80  >  52967 [ACK] Seq=1 Ack=2 Win=4236 Len=0,,,,,,,,,
167,85.225378,93.184.216.34,192.168.100.41,TCP,54,"80  >  52967 [FIN, ACK] Seq=1 Ack=2 Win=4236 Len=0",,,,,,,,,
168,90.232313,192.168.100.41,93.184.216.34,TCP,54,52967  >  80 [ACK] Seq=2 Ack=2 Win=64240 Len=0,,,,,,,,,
169,90.233567,192.168.100.41,93.184.216.34,TCP,66,52968  >  80 [SYN] Seq=0 Win=64240 Len=0 MSS=1460 WS=256 SACK_PERM=1,,,,,,,,,
170,90.233753,40.90.189.152,192.168.100.41,TCP,54,[TCP Dup ACK 2#3] 443  >  58153 [ACK] Seq=1 Ack=1 Win=12061 Len=0,,,,,,,,,
171,90.236436,192.168.100.41,40.90.189.152,TCP,54,[TCP Dup ACK 3#3] [TCP ACKed unseen segment] 58153  >  443 [ACK] Seq=179943468 Ack=1297691774 Win=509 Len=0,,,,,,,,,
172,90.236751,93.184.216.34,192.168.100.41,TCP,62,"80  >  52968 [SYN, ACK] Seq=0 Ack=1 Win=4236 Len=0 MSS=1412 SACK_PERM=1",,,,,,,,,
173,90.237666,192.168.100.41,93.184.216.34,TCP,54,52968  >  80 [ACK] Seq=1 Ack=1 Win=64240 Len=0,,,,,,,,,
174,90.239693,192.168.100.41,93.184.216.34,TCP,54,"52968  >  80 [FIN, ACK] Seq=1 Ack=1 Win=64240 Len=0",,,,,,,,,
175,90.240002,93.184.216.34,192.168.100.41,TCP,54,80  >  52968 [ACK] Seq=1 Ack=2 Win=4236 Len=0,,,,,,,,,
176,90.240203,93.184.216.34,192.168.100.41,TCP,54,"80  >  52968 [FIN, ACK] Seq=1 Ack=2 Win=4236 Len=0",,,,,,,,,
177,95.246225,192.168.100.41,93.184.216.34,TCP,54,52968  >  80 [ACK] Seq=2 Ack=2 Win=64240 Len=0,,,,,,,,,
180,95.249448,192.168.100.41,93.184.216.34,TCP,66,52969  >  80 [SYN] Seq=0 Win=64240 Len=0 MSS=1460 WS=256 SACK_PERM=1,,,,,,,,,
181,95.249758,93.184.216.34,192.168.100.41,TCP,62,"80  >  52969 [SYN, ACK] Seq=0 Ack=1 Win=4236 Len=0 MSS=1412 SACK_PERM=1",,,,,,,,,
182,95.250685,192.168.100.41,93.184.216.34,TCP,54,52969  >  80 [ACK] Seq=1 Ack=1 Win=64240 Len=0,,,,,,,,,
183,95.264746,192.168.100.41,93.184.216.34,TCP,54,"52969  >  80 [FIN, ACK] Seq=1 Ack=1 Win=64240 Len=0",,,,,,,,,
184,95.265054,93.184.216.34,192.168.100.41,TCP,54,80  >  52969 [ACK] Seq=1 Ack=2 Win=4236 Len=0,,,,,,,,,
185,95.265256,93.184.216.34,192.168.100.41,TCP,54,"80  >  52969 [FIN, ACK] Seq=1 Ack=2 Win=4236 Len=0",,,,,,,,,
186,100.260403,192.168.100.41,93.184.216.34,TCP,54,52969  >  80 [ACK] Seq=2 Ack=2 Win=64240 Len=0,,,,,,,,,
188,100.263644,192.168.100.41,93.184.216.34,TCP,66,52970  >  80 [SYN] Seq=0 Win=64240 Len=0 MSS=1460 WS=256 SACK_PERM=1,,,,,,,,,
189,100.263958,93.184.216.34,192.168.100.41,TCP,62,"80  >  52970 [SYN, ACK] Seq=0 Ack=1 Win=4236 Len=0 MSS=1412 SACK_PERM=1",,,,,,,,,
190,100.264902,192.168.100.41,93.184.216.34,TCP,54,52970  >  80 [ACK] Seq=1 Ack=1 Win=64240 Len=0,,,,,,,,,
191,100.267013,192.168.100.41,93.184.216.34,TCP,54,"52970  >  80 [FIN, ACK] Seq=1 Ack=1 Win=64240 Len=0",,,,,,,,,
192,100.267323,93.184.216.34,192.168.100.41,TCP,54,80  >  52970 [ACK] Seq=1 Ack=2 Win=4236 Len=0,,,,,,,,,
193,100.267523,93.184.216.34,192.168.100.41,TCP,54,"80  >  52970 [FIN, ACK] Seq=1 Ack=2 Win=4236 Len=0",,,,,,,,,
194,105.272416,192.168.100.41,93.184.216.34,TCP,54,52970  >  80 [ACK] Seq=2 Ack=2 Win=64240 Len=0,,,,,,,,,
195,105.275595,192.168.100.41,93.184.216.34,TCP,66,52971  >  80 [SYN] Seq=0 Win=64240 Len=0 MSS=1460 WS=256 SACK_PERM=1,,,,,,,,,
196,105.275916,93.184.216.34,192.168.100.41,TCP,62,"80  >  52971 [SYN, ACK] Seq=0 Ack=1 Win=4236 Len=0 MSS=1412 SACK_PERM=1",,,,,,,,,
197,105.276561,192.168.100.41,93.184.216.34,TCP,54,52971  >  80 [ACK] Seq=1 Ack=1 Win=64240 Len=0,,,,,,,,,
198,105.278392,192.168.100.41,93.184.216.34,TCP,54,"52971  >  80 [FIN, ACK] Seq=1 Ack=1 Win=64240 Len=0",,,,,,,,,
199,105.278741,93.184.216.34,192.168.100.41,TCP,54,80  >  52971 [ACK] Seq=1 Ack=2 Win=4236 Len=0,,,,,,,,,
200,105.278942,93.184.216.34,192.168.100.41,TCP,54,"80  >  52971 [FIN, ACK] Seq=1 Ack=2 Win=4236 Len=0",,,,,,,,,
201,110.286574,192.168.100.41,93.184.216.34,TCP,54,52971  >  80 [ACK] Seq=2 Ack=2 Win=64240 Len=0,,,,,,,,,
203,110.28972,192.168.100.41,93.184.216.34,TCP,66,52972  >  80 [SYN] Seq=0 Win=64240 Len=0 MSS=1460 WS=256 SACK_PERM=1,,,,,,,,,
204,110.290045,93.184.216.34,192.168.100.41,TCP,62,"80  >  52972 [SYN, ACK] Seq=0 Ack=1 Win=4236 Len=0 MSS=1412 SACK_PERM=1",,,,,,,,,
205,110.290638,192.168.100.41,93.184.216.34,TCP,54,52972  >  80 [ACK] Seq=1 Ack=1 Win=64240 Len=0,,,,,,,,,
206,110.29272,192.168.100.41,93.184.216.34,TCP,54,"52972  >  80 [FIN, ACK] Seq=1 Ack=1 Win=64240 Len=0",,,,,,,,,
207,110.293053,93.184.216.34,192.168.100.41,TCP,54,80  >  52972 [ACK] Seq=1 Ack=2 Win=4236 Len=0,,,,,,,,,
208,110.293253,93.184.216.34,192.168.100.41,TCP,54,"80  >  52972 [FIN, ACK] Seq=1 Ack=2 Win=4236 Len=0",,,,,,,,,
209,115.300549,192.168.100.41,93.184.216.34,TCP,54,52972  >  80 [ACK] Seq=2 Ack=2 Win=64240 Len=0,,,,,,,,,
210,115.303936,192.168.100.41,93.184.216.34,TCP,66,52973  >  80 [SYN] Seq=0 Win=64240 Len=0 MSS=1460 WS=256 SACK_PERM=1,,,,,,,,,
211,115.304249,93.184.216.34,192.168.100.41,TCP,62,"80  >  52973 [SYN, ACK] Seq=0 Ack=1 Win=4236 Len=0 MSS=1412 SACK_PERM=1",,,,,,,,,
212,115.305164,192.168.100.41,93.184.216.34,TCP,54,52973  >  80 [ACK] Seq=1 Ack=1 Win=64240 Len=0,,,,,,,,,
213,115.307468,192.168.100.41,93.184.216.34,TCP,54,"52973  >  80 [FIN, ACK] Seq=1 Ack=1 Win=64240 Len=0",,,,,,,,,
214,115.30778,93.184.216.34,192.168.100.41,TCP,54,80  >  52973 [ACK] Seq=1 Ack=2 Win=4236 Len=0,,,,,,,,,
215,115.307978,93.184.216.34,192.168.100.41,TCP,54,"80  >  52973 [FIN, ACK] Seq=1 Ack=2 Win=4236 Len=0",,,,,,,,,
216,120.172843,192.168.100.41,93.184.216.34,TCP,54,52973  >  80 [ACK] Seq=2 Ack=2 Win=64240 Len=0,,,,,,,,,
217,120.173036,40.90.189.152,192.168.100.41,TCP,54,[TCP Dup ACK 2#4] 443  >  58153 [ACK] Seq=1 Ack=1 Win=12061 Len=0,,,,,,,,,
218,120.314389,192.168.100.41,40.90.189.152,TCP,54,[TCP Dup ACK 3#4] [TCP ACKed unseen segment] 58153  >  443 [ACK] Seq=179943468 Ack=1297691774 Win=509 Len=0,,,,,,,,,
219,120.317451,192.168.100.41,93.184.216.34,TCP,66,52974  >  80 [SYN] Seq=0 Win=64240 Len=0 MSS=1460 WS=256 SACK_PERM=1,,,,,,,,,
220,120.317763,93.184.216.34,192.168.100.41,TCP,62,"80  >  52974 [SYN, ACK] Seq=0 Ack=1 Win=4236 Len=0 MSS=1412 SACK_PERM=1",,,,,,,,,
221,120.318679,192.168.100.41,93.184.216.34,TCP,54,52974  >  80 [ACK] Seq=1 Ack=1 Win=64240 Len=0,,,,,,,,,
222,120.320885,192.168.100.41,93.184.216.34,TCP,54,"52974  >  80 [FIN, ACK] Seq=1 Ack=1 Win=64240 Len=0",,,,,,,,,
223,120.321195,93.184.216.34,192.168.100.41,TCP,54,80  >  52974 [ACK] Seq=1 Ack=2 Win=4236 Len=0,,,,,,,,,
224,120.321396,93.184.216.34,192.168.100.41,TCP,54,"80  >  52974 [FIN, ACK] Seq=1 Ack=2 Win=4236 Len=0",,,,,,,,,
225,125.328497,192.168.100.41,93.184.216.34,TCP,54,52974  >  80 [ACK] Seq=2 Ack=2 Win=64240 Len=0,,,,,,,,,
226,125.331854,192.168.100.41,93.184.216.34,TCP,66,52975  >  80 [SYN] Seq=0 Win=64240 Len=0 MSS=1460 WS=256 SACK_PERM=1,,,,,,,,,
227,125.332164,93.184.216.34,192.168.100.41,TCP,62,"80  >  52975 [SYN, ACK] Seq=0 Ack=1 Win=4236 Len=0 MSS=1412 SACK_PERM=1",,,,,,,,,
228,125.333088,192.168.100.41,93.184.216.34,TCP,54,52975  >  80 [ACK] Seq=1 Ack=1 Win=64240 Len=0,,,,,,,,,
229,125.335274,192.168.100.41,93.184.216.34,TCP,54,"52975  >  80 [FIN, ACK] Seq=1 Ack=1 Win=64240 Len=0",,,,,,,,,
230,125.335582,93.184.216.34,192.168.100.41,TCP,54,80  >  52975 [ACK] Seq=1 Ack=2 Win=4236 Len=0,,,,,,,,,
231,125.335782,93.184.216.34,192.168.100.41,TCP,54,"80  >  52975 [FIN, ACK] Seq=1 Ack=2 Win=4236 Len=0",,,,,,,,,
232,130.342439,192.168.100.41,93.184.216.34,TCP,54,52975  >  80 [ACK] Seq=2 Ack=2 Win=64240 Len=0,,,,,,,,,
233,130.345939,192.168.100.41,93.184.216.34,TCP,66,52976  >  80 [SYN] Seq=0 Win=64240 Len=0 MSS=1460 WS=256 SACK_PERM=1,,,,,,,,,
234,130.346253,93.184.216.34,192.168.100.41,TCP,62,"80  >  52976 [SYN, ACK] Seq=0 Ack=1 Win=4236 Len=0 MSS=1412 SACK_PERM=1",,,,,,,,,
235,130.347191,192.168.100.41,93.184.216.34,TCP,54,52976  >  80 [ACK] Seq=1 Ack=1 Win=64240 Len=0,,,,,,,,,
236,130.349325,192.168.100.41,93.184.216.34,TCP,54,"52976  >  80 [FIN, ACK] Seq=1 Ack=1 Win=64240 Len=0",,,,,,,,,
237,130.349634,93.184.216.34,192.168.100.41,TCP,54,80  >  52976 [ACK] Seq=1 Ack=2 Win=4236 Len=0,,,,,,,,,
238,130.349834,93.184.216.34,192.168.100.41,TCP,54,"80  >  52976 [FIN, ACK] Seq=1 Ack=2 Win=4236 Len=0",,,,,,,,,
239,135.35379,192.168.100.41,93.184.216.34,TCP,54,52976  >  80 [ACK] Seq=2 Ack=2 Win=64240 Len=0,,,,,,,,,
244,135.356826,192.168.100.41,93.184.216.34,TCP,66,52977  >  80 [SYN] Seq=0 Win=64240 Len=0 MSS=1460 WS=256 SACK_PERM=1,,,,,,,,,
245,135.357151,93.184.216.34,192.168.100.41,TCP,62,"80  >  52977 [SYN, ACK] Seq=0 Ack=1 Win=4236 Len=0 MSS=1412 SACK_PERM=1",,,,,,,,,
246,135.3577,192.168.100.41,93.184.216.34,TCP,54,52977  >  80 [ACK] Seq=1 Ack=1 Win=64240 Len=0,,,,,,,,,
247,135.361075,192.168.100.41,93.184.216.34,TCP,54,"52977  >  80 [FIN, ACK] Seq=1 Ack=1 Win=64240 Len=0",,,,,,,,,
248,135.361383,93.184.216.34,192.168.100.41,TCP,54,80  >  52977 [ACK] Seq=1 Ack=2 Win=4236 Len=0,,,,,,,,,
249,135.361582,93.184.216.34,192.168.100.41,TCP,54,"80  >  52977 [FIN, ACK] Seq=1 Ack=2 Win=4236 Len=0",,,,,,,,,
250,140.368123,192.168.100.41,93.184.216.34,TCP,54,52977  >  80 [ACK] Seq=2 Ack=2 Win=64240 Len=0,,,,,,,,,
257,140.432311,192.168.100.41,93.184.216.34,TCP,66,52978  >  80 [SYN] Seq=0 Win=64240 Len=0 MSS=1460 WS=256 SACK_PERM=1,,,,,,,,,
258,140.432623,93.184.216.34,192.168.100.41,TCP,62,"80  >  52978 [SYN, ACK] Seq=0 Ack=1 Win=4236 Len=0 MSS=1412 SACK_PERM=1",,,,,,,,,
259,140.433646,192.168.100.41,93.184.216.34,TCP,54,52978  >  80 [ACK] Seq=1 Ack=1 Win=64240 Len=0,,,,,,,,,
260,140.43772,192.168.100.41,93.184.216.34,TCP,54,"52978  >  80 [FIN, ACK] Seq=1 Ack=1 Win=64240 Len=0",,,,,,,,,
261,140.43803,93.184.216.34,192.168.100.41,TCP,54,80  >  52978 [ACK] Seq=1 Ack=2 Win=4236 Len=0,,,,,,,,,
262,140.438231,93.184.216.34,192.168.100.41,TCP,54,"80  >  52978 [FIN, ACK] Seq=1 Ack=2 Win=4236 Len=0",,,,,,,,,
263,145.381707,192.168.100.41,93.184.216.34,TCP,54,52978  >  80 [ACK] Seq=2 Ack=2 Win=64240 Len=0,,,,,,,,,
264,145.385208,192.168.100.41,93.184.216.34,TCP,66,52979  >  80 [SYN] Seq=0 Win=64240 Len=0 MSS=1460 WS=256 SACK_PERM=1,,,,,,,,,
265,145.385528,93.184.216.34,192.168.100.41,TCP,62,"80  >  52979 [SYN, ACK] Seq=0 Ack=1 Win=4236 Len=0 MSS=1412 SACK_PERM=1",,,,,,,,,
266,145.386451,192.168.100.41,93.184.216.34,TCP,54,52979  >  80 [ACK] Seq=1 Ack=1 Win=64240 Len=0,,,,,,,,,
267,145.388607,192.168.100.41,93.184.216.34,TCP,54,"52979  >  80 [FIN, ACK] Seq=1 Ack=1 Win=64240 Len=0",,,,,,,,,
268,145.388915,93.184.216.34,192.168.100.41,TCP,54,80  >  52979 [ACK] Seq=1 Ack=2 Win=4236 Len=0,,,,,,,,,
269,145.389115,93.184.216.34,192.168.100.41,TCP,54,"80  >  52979 [FIN, ACK] Seq=1 Ack=2 Win=4236 Len=0",,,,,,,,,
270,150.395681,192.168.100.41,93.184.216.34,TCP,54,52979  >  80 [ACK] Seq=2 Ack=2 Win=64240 Len=0,,,,,,,,,
271,150.396922,192.168.100.41,93.184.216.34,TCP,66,52980  >  80 [SYN] Seq=0 Win=64240 Len=0 MSS=1460 WS=256 SACK_PERM=1,,,,,,,,,
272,150.397107,40.90.189.152,192.168.100.41,TCP,54,[TCP Dup ACK 2#5] 443  >  58153 [ACK] Seq=1 Ack=1 Win=12061 Len=0,,,,,,,,,
273,150.400216,192.168.100.41,40.90.189.152,TCP,54,[TCP Dup ACK 3#5] [TCP ACKed unseen segment] 58153  >  443 [ACK] Seq=179943468 Ack=1297691774 Win=509 Len=0,,,,,,,,,
274,150.40053,93.184.216.34,192.168.100.41,TCP,62,"80  >  52980 [SYN, ACK] Seq=0 Ack=1 Win=4236 Len=0 MSS=1412 SACK_PERM=1",,,,,,,,,
275,150.401448,192.168.100.41,93.184.216.34,TCP,54,52980  >  80 [ACK] Seq=1 Ack=1 Win=64240 Len=0,,,,,,,,,
276,150.403511,192.168.100.41,93.184.216.34,TCP,54,"52980  >  80 [FIN, ACK] Seq=1 Ack=1 Win=64240 Len=0",,,,,,,,,
277,150.403822,93.184.216.34,192.168.100.41,TCP,54,80  >  52980 [ACK] Seq=1 Ack=2 Win=4236 Len=0,,,,,,,,,
278,150.404022,93.184.216.34,192.168.100.41,TCP,54,"80  >  52980 [FIN, ACK] Seq=1 Ack=2 Win=4236 Len=0",,,,,,,,,
279,155.409932,192.168.100.41,93.184.216.34,TCP,54,52980  >  80 [ACK] Seq=2 Ack=2 Win=64240 Len=0,,,,,,,,,
280,155.423969,192.168.100.41,93.184.216.34,TCP,66,52981  >  80 [SYN] Seq=0 Win=64240 Len=0 MSS=1460 WS=256 SACK_PERM=1,,,,,,,,,
281,155.424282,93.184.216.34,192.168.100.41,TCP,62,"80  >  52981 [SYN, ACK] Seq=0 Ack=1 Win=4236 Len=0 MSS=1412 SACK_PERM=1",,,,,,,,,
282,155.425194,192.168.100.41,93.184.216.34,TCP,54,52981  >  80 [ACK] Seq=1 Ack=1 Win=64240 Len=0,,,,,,,,,
283,155.4274,192.168.100.41,93.184.216.34,TCP,54,"52981  >  80 [FIN, ACK] Seq=1 Ack=1 Win=64240 Len=0",,,,,,,,,
284,155.427709,93.184.216.34,192.168.100.41,TCP,54,80  >  52981 [ACK] Seq=1 Ack=2 Win=4236 Len=0,,,,,,,,,
285,155.427909,93.184.216.34,192.168.100.41,TCP,54,"80  >  52981 [FIN, ACK] Seq=1 Ack=2 Win=4236 Len=0",,,,,,,,,
286,160.423743,192.168.100.41,93.184.216.34,TCP,54,52981  >  80 [ACK] Seq=2 Ack=2 Win=64240 Len=0,,,,,,,,,
287,160.427403,192.168.100.41,93.184.216.34,TCP,66,52982  >  80 [SYN] Seq=0 Win=64240 Len=0 MSS=1460 WS=256 SACK_PERM=1,,,,,,,,,
288,160.427716,93.184.216.34,192.168.100.41,TCP,62,"80  >  52982 [SYN, ACK] Seq=0 Ack=1 Win=4236 Len=0 MSS=1412 SACK_PERM=1",,,,,,,,,
289,160.428669,192.168.100.41,93.184.216.34,TCP,54,52982  >  80 [ACK] Seq=1 Ack=1 Win=64240 Len=0,,,,,,,,,
290,160.430743,192.168.100.41,93.184.216.34,TCP,54,"52982  >  80 [FIN, ACK] Seq=1 Ack=1 Win=64240 Len=0",,,,,,,,,
291,160.431055,93.184.216.34,192.168.100.41,TCP,54,80  >  52982 [ACK] Seq=1 Ack=2 Win=4236 Len=0,,,,,,,,,
292,160.431254,93.184.216.34,192.168.100.41,TCP,54,"80  >  52982 [FIN, ACK] Seq=1 Ack=2 Win=4236 Len=0",,,,,,,,,
293,165.438923,192.168.100.41,93.184.216.34,TCP,54,52982  >  80 [ACK] Seq=2 Ack=2 Win=64240 Len=0,,,,,,,,,
294,165.442383,192.168.100.41,93.184.216.34,TCP,66,52983  >  80 [SYN] Seq=0 Win=64240 Len=0 MSS=1460 WS=256 SACK_PERM=1,,,,,,,,,
295,165.442712,93.184.216.34,192.168.100.41,TCP,62,"80  >  52983 [SYN, ACK] Seq=0 Ack=1 Win=4236 Len=0 MSS=1412 SACK_PERM=1",,,,,,,,,
296,165.443249,192.168.100.41,93.184.216.34,TCP,54,52983  >  80 [ACK] Seq=1 Ack=1 Win=64240 Len=0,,,,,,,,,
297,165.445243,192.168.100.41,93.184.216.34,TCP,54,"52983  >  80 [FIN, ACK] Seq=1 Ack=1 Win=64240 Len=0",,,,,,,,,
298,165.445561,93.184.216.34,192.168.100.41,TCP,54,80  >  52983 [ACK] Seq=1 Ack=2 Win=4236 Len=0,,,,,,,,,
299,165.445765,93.184.216.34,192.168.100.41,TCP,54,"80  >  52983 [FIN, ACK] Seq=1 Ack=2 Win=4236 Len=0",,,,,,,,,
300,170.452841,192.168.100.41,93.184.216.34,TCP,54,52983  >  80 [ACK] Seq=2 Ack=2 Win=64240 Len=0,,,,,,,,,
301,170.456243,192.168.100.41,93.184.216.34,TCP,66,52984  >  80 [SYN] Seq=0 Win=64240 Len=0 MSS=1460 WS=256 SACK_PERM=1,,,,,,,,,
302,170.456558,93.184.216.34,192.168.100.41,TCP,62,"80  >  52984 [SYN, ACK] Seq=0 Ack=1 Win=4236 Len=0 MSS=1412 SACK_PERM=1",,,,,,,,,
303,170.457471,192.168.100.41,93.184.216.34,TCP,54,52984  >  80 [ACK] Seq=1 Ack=1 Win=64240 Len=0,,,,,,,,,
304,170.459383,192.168.100.41,93.184.216.34,TCP,54,"52984  >  80 [FIN, ACK] Seq=1 Ack=1 Win=64240 Len=0",,,,,,,,,
305,170.459694,93.184.216.34,192.168.100.41,TCP,54,80  >  52984 [ACK] Seq=1 Ack=2 Win=4236 Len=0,,,,,,,,,
306,170.459894,93.184.216.34,192.168.100.41,TCP,54,"80  >  52984 [FIN, ACK] Seq=1 Ack=2 Win=4236 Len=0",,,,,,,,,
307,175.466853,192.168.100.41,93.184.216.34,TCP,54,52984  >  80 [ACK] Seq=2 Ack=2 Win=64240 Len=0,,,,,,,,,
308,175.470229,192.168.100.41,93.184.216.34,TCP,66,52985  >  80 [SYN] Seq=0 Win=64240 Len=0 MSS=1460 WS=256 SACK_PERM=1,,,,,,,,,
309,175.470545,93.184.216.34,192.168.100.41,TCP,62,"80  >  52985 [SYN, ACK] Seq=0 Ack=1 Win=4236 Len=0 MSS=1412 SACK_PERM=1",,,,,,,,,
310,175.47147,192.168.100.41,93.184.216.34,TCP,54,52985  >  80 [ACK] Seq=1 Ack=1 Win=64240 Len=0,,,,,,,,,
311,175.473912,192.168.100.41,93.184.216.34,TCP,54,"52985  >  80 [FIN, ACK] Seq=1 Ack=1 Win=64240 Len=0",,,,,,,,,
312,175.474221,93.184.216.34,192.168.100.41,TCP,54,80  >  52985 [ACK] Seq=1 Ack=2 Win=4236 Len=0,,,,,,,,,
313,175.474423,93.184.216.34,192.168.100.41,TCP,54,"80  >  52985 [FIN, ACK] Seq=1 Ack=2 Win=4236 Len=0",,,,,,,,,
314,180.370756,192.168.100.41,93.184.216.34,TCP,54,52985  >  80 [ACK] Seq=2 Ack=2 Win=64240 Len=0,,,,,,,,,
316,180.370957,40.90.189.152,192.168.100.41,TCP,54,[TCP Dup ACK 2#6] 443  >  58153 [ACK] Seq=1 Ack=1 Win=12061 Len=0,,,,,,,,,
317,180.467549,192.168.100.41,40.90.189.152,TCP,54,[TCP Dup ACK 3#6] [TCP ACKed unseen segment] 58153  >  443 [ACK] Seq=179943468 Ack=1297691774 Win=509 Len=0,,,,,,,,,
318,180.470382,192.168.100.41,93.184.216.34,TCP,66,52986  >  80 [SYN] Seq=0 Win=64240 Len=0 MSS=1460 WS=256 SACK_PERM=1,,,,,,,,,
319,180.470695,93.184.216.34,192.168.100.41,TCP,62,"80  >  52986 [SYN, ACK] Seq=0 Ack=1 Win=4236 Len=0 MSS=1412 SACK_PERM=1",,,,,,,,,
320,180.471633,192.168.100.41,93.184.216.34,TCP,54,52986  >  80 [ACK] Seq=1 Ack=1 Win=64240 Len=0,,,,,,,,,
321,180.473535,192.168.100.41,93.184.216.34,TCP,54,"52986  >  80 [FIN, ACK] Seq=1 Ack=1 Win=64240 Len=0",,,,,,,,,
322,180.473844,93.184.216.34,192.168.100.41,TCP,54,80  >  52986 [ACK] Seq=1 Ack=2 Win=4236 Len=0,,,,,,,,,
323,180.474043,93.184.216.34,192.168.100.41,TCP,54,"80  >  52986 [FIN, ACK] Seq=1 Ack=2 Win=4236 Len=0",,,,,,,,,
324,185.476537,192.168.100.41,93.184.216.34,TCP,54,52986  >  80 [ACK] Seq=2 Ack=2 Win=64240 Len=0,,,,,,,,,
325,185.479909,192.168.100.41,93.184.216.34,TCP,66,52987  >  80 [SYN] Seq=0 Win=64240 Len=0 MSS=1460 WS=256 SACK_PERM=1,,,,,,,,,
326,185.480222,93.184.216.34,192.168.100.41,TCP,62,"80  >  52987 [SYN, ACK] Seq=0 Ack=1 Win=4236 Len=0 MSS=1412 SACK_PERM=1",,,,,,,,,
327,185.481969,192.168.100.41,93.184.216.34,TCP,54,52987  >  80 [ACK] Seq=1 Ack=1 Win=64240 Len=0,,,,,,,,,
328,185.484468,192.168.100.41,93.184.216.34,TCP,54,"52987  >  80 [FIN, ACK] Seq=1 Ack=1 Win=64240 Len=0",,,,,,,,,
329,185.484776,93.184.216.34,192.168.100.41,TCP,54,80  >  52987 [ACK] Seq=1 Ack=2 Win=4236 Len=0,,,,,,,,,
330,185.484976,93.184.216.34,192.168.100.41,TCP,54,"80  >  52987 [FIN, ACK] Seq=1 Ack=2 Win=4236 Len=0",,,,,,,,,
331,190.488864,192.168.100.41,93.184.216.34,TCP,54,52987  >  80 [ACK] Seq=2 Ack=2 Win=64240 Len=0,,,,,,,,,
332,190.492183,192.168.100.41,93.184.216.34,TCP,66,52988  >  80 [SYN] Seq=0 Win=64240 Len=0 MSS=1460 WS=256 SACK_PERM=1,,,,,,,,,
333,190.492499,93.184.216.34,192.168.100.41,TCP,62,"80  >  52988 [SYN, ACK] Seq=0 Ack=1 Win=4236 Len=0 MSS=1412 SACK_PERM=1",,,,,,,,,
334,190.493417,192.168.100.41,93.184.216.34,TCP,54,52988  >  80 [ACK] Seq=1 Ack=1 Win=64240 Len=0,,,,,,,,,
335,190.495469,192.168.100.41,93.184.216.34,TCP,54,"52988  >  80 [FIN, ACK] Seq=1 Ack=1 Win=64240 Len=0",,,,,,,,,
336,190.495779,93.184.216.34,192.168.100.41,TCP,54,80  >  52988 [ACK] Seq=1 Ack=2 Win=4236 Len=0,,,,,,,,,
337,190.49598,93.184.216.34,192.168.100.41,TCP,54,"80  >  52988 [FIN, ACK] Seq=1 Ack=2 Win=4236 Len=0",,,,,,,,,
338,195.495321,192.168.100.41,93.184.216.34,TCP,54,52988  >  80 [ACK] Seq=2 Ack=2 Win=64240 Len=0,,,,,,,,,
341,195.498524,192.168.100.41,93.184.216.34,TCP,66,52989  >  80 [SYN] Seq=0 Win=64240 Len=0 MSS=1460 WS=256 SACK_PERM=1,,,,,,,,,
342,195.498837,93.184.216.34,192.168.100.41,TCP,62,"80  >  52989 [SYN, ACK] Seq=0 Ack=1 Win=4236 Len=0 MSS=1412 SACK_PERM=1",,,,,,,,,
343,195.499753,192.168.100.41,93.184.216.34,TCP,54,52989  >  80 [ACK] Seq=1 Ack=1 Win=64240 Len=0,,,,,,,,,
344,195.501447,192.168.100.41,93.184.216.34,TCP,54,"52989  >  80 [FIN, ACK] Seq=1 Ack=1 Win=64240 Len=0",,,,,,,,,
345,195.501758,93.184.216.34,192.168.100.41,TCP,54,80  >  52989 [ACK] Seq=1 Ack=2 Win=4236 Len=0,,,,,,,,,
346,195.501958,93.184.216.34,192.168.100.41,TCP,54,"80  >  52989 [FIN, ACK] Seq=1 Ack=2 Win=4236 Len=0",,,,,,,,,
347,200.505328,192.168.100.41,93.184.216.34,TCP,54,52989  >  80 [ACK] Seq=2 Ack=2 Win=64240 Len=0,,,,,,,,,
354,200.508007,192.168.100.41,93.184.216.34,TCP,66,52990  >  80 [SYN] Seq=0 Win=64240 Len=0 MSS=1460 WS=256 SACK_PERM=1,,,,,,,,,
355,200.508329,93.184.216.34,192.168.100.41,TCP,62,"80  >  52990 [SYN, ACK] Seq=0 Ack=1 Win=4236 Len=0 MSS=1412 SACK_PERM=1",,,,,,,,,
356,200.508925,192.168.100.41,93.184.216.34,TCP,54,52990  >  80 [ACK] Seq=1 Ack=1 Win=64240 Len=0,,,,,,,,,
357,200.511,192.168.100.41,93.184.216.34,TCP,54,"52990  >  80 [FIN, ACK] Seq=1 Ack=1 Win=64240 Len=0",,,,,,,,,
358,200.511302,93.184.216.34,192.168.100.41,TCP,54,80  >  52990 [ACK] Seq=1 Ack=2 Win=4236 Len=0,,,,,,,,,
359,200.511501,93.184.216.34,192.168.100.41,TCP,54,"80  >  52990 [FIN, ACK] Seq=1 Ack=2 Win=4236 Len=0",,,,,,,,,
360,205.519646,192.168.100.41,93.184.216.34,TCP,54,52990  >  80 [ACK] Seq=2 Ack=2 Win=64240 Len=0,,,,,,,,,
362,205.522927,192.168.100.41,93.184.216.34,TCP,66,52991  >  80 [SYN] Seq=0 Win=64240 Len=0 MSS=1460 WS=256 SACK_PERM=1,,,,,,,,,
363,205.523249,93.184.216.34,192.168.100.41,TCP,62,"80  >  52991 [SYN, ACK] Seq=0 Ack=1 Win=4236 Len=0 MSS=1412 SACK_PERM=1",,,,,,,,,
364,205.52417,192.168.100.41,93.184.216.34,TCP,54,52991  >  80 [ACK] Seq=1 Ack=1 Win=64240 Len=0,,,,,,,,,
365,205.526329,192.168.100.41,93.184.216.34,TCP,54,"52991  >  80 [FIN, ACK] Seq=1 Ack=1 Win=64240 Len=0",,,,,,,,,
366,205.526638,93.184.216.34,192.168.100.41,TCP,54,80  >  52991 [ACK] Seq=1 Ack=2 Win=4236 Len=0,,,,,,,,,
367,205.52684,93.184.216.34,192.168.100.41,TCP,54,"80  >  52991 [FIN, ACK] Seq=1 Ack=2 Win=4236 Len=0",,,,,,,,,
368,210.476274,192.168.100.41,93.184.216.34,TCP,54,52991  >  80 [ACK] Seq=2 Ack=2 Win=64240 Len=0,,,,,,,,,
372,210.476464,40.90.189.152,192.168.100.41,TCP,54,[TCP Dup ACK 2#7] 443  >  58153 [ACK] Seq=1 Ack=1 Win=12061 Len=0,,,,,,,,,
373,210.533309,192.168.100.41,40.90.189.152,TCP,54,[TCP Dup ACK 3#7] [TCP ACKed unseen segment] 58153  >  443 [ACK] Seq=179943468 Ack=1297691774 Win=509 Len=0,,,,,,,,,
374,210.53628,192.168.100.41,93.184.216.34,TCP,66,52992  >  80 [SYN] Seq=0 Win=64240 Len=0 MSS=1460 WS=256 SACK_PERM=1,,,,,,,,,
375,210.536598,93.184.216.34,192.168.100.41,TCP,62,"80  >  52992 [SYN, ACK] Seq=0 Ack=1 Win=4236 Len=0 MSS=1412 SACK_PERM=1",,,,,,,,,
376,210.537517,192.168.100.41,93.184.216.34,TCP,54,52992  >  80 [ACK] Seq=1 Ack=1 Win=64240 Len=0,,,,,,,,,
377,210.539439,192.168.100.41,93.184.216.34,TCP,54,"52992  >  80 [FIN, ACK] Seq=1 Ack=1 Win=64240 Len=0",,,,,,,,,
378,210.539749,93.184.216.34,192.168.100.41,TCP,54,80  >  52992 [ACK] Seq=1 Ack=2 Win=4236 Len=0,,,,,,,,,
379,210.53995,93.184.216.34,192.168.100.41,TCP,54,"80  >  52992 [FIN, ACK] Seq=1 Ack=2 Win=4236 Len=0",,,,,,,,,
380,215.54768,192.168.100.41,93.184.216.34,TCP,54,52992  >  80 [ACK] Seq=2 Ack=2 Win=64240 Len=0,,,,,,,,,
381,215.551238,192.168.100.41,93.184.216.34,TCP,66,52993  >  80 [SYN] Seq=0 Win=64240 Len=0 MSS=1460 WS=256 SACK_PERM=1,,,,,,,,,
382,215.551549,93.184.216.34,192.168.100.41,TCP,62,"80  >  52993 [SYN, ACK] Seq=0 Ack=1 Win=4236 Len=0 MSS=1412 SACK_PERM=1",,,,,,,,,
383,215.552465,192.168.100.41,93.184.216.34,TCP,54,52993  >  80 [ACK] Seq=1 Ack=1 Win=64240 Len=0,,,,,,,,,
384,215.554467,192.168.100.41,93.184.216.34,TCP,54,"52993  >  80 [FIN, ACK] Seq=1 Ack=1 Win=64240 Len=0",,,,,,,,,
385,215.554782,93.184.216.34,192.168.100.41,TCP,54,80  >  52993 [ACK] Seq=1 Ack=2 Win=4236 Len=0,,,,,,,,,
386,215.554984,93.184.216.34,192.168.100.41,TCP,54,"80  >  52993 [FIN, ACK] Seq=1 Ack=2 Win=4236 Len=0",,,,,,,,,
387,220.561558,192.168.100.41,93.184.216.34,TCP,54,52993  >  80 [ACK] Seq=2 Ack=2 Win=64240 Len=0,,,,,,,,,
389,220.564923,192.168.100.41,93.184.216.34,TCP,66,52994  >  80 [SYN] Seq=0 Win=64240 Len=0 MSS=1460 WS=256 SACK_PERM=1,,,,,,,,,
390,220.565239,93.184.216.34,192.168.100.41,TCP,62,"80  >  52994 [SYN, ACK] Seq=0 Ack=1 Win=4236 Len=0 MSS=1412 SACK_PERM=1",,,,,,,,,
391,220.566157,192.168.100.41,93.184.216.34,TCP,54,52994  >  80 [ACK] Seq=1 Ack=1 Win=64240 Len=0,,,,,,,,,
392,220.568336,192.168.100.41,93.184.216.34,TCP,54,"52994  >  80 [FIN, ACK] Seq=1 Ack=1 Win=64240 Len=0",,,,,,,,,
393,220.568643,93.184.216.34,192.168.100.41,TCP,54,80  >  52994 [ACK] Seq=1 Ack=2 Win=4236 Len=0,,,,,,,,,
394,220.568844,93.184.216.34,192.168.100.41,TCP,54,"80  >  52994 [FIN, ACK] Seq=1 Ack=2 Win=4236 Len=0",,,,,,,,,
395,225.566459,192.168.100.41,93.184.216.34,TCP,54,52994  >  80 [ACK] Seq=2 Ack=2 Win=64240 Len=0,,,,,,,,,
396,225.571202,192.168.100.41,93.184.216.34,TCP,66,52995  >  80 [SYN] Seq=0 Win=64240 Len=0 MSS=1460 WS=256 SACK_PERM=1,,,,,,,,,
397,225.571514,93.184.216.34,192.168.100.41,TCP,62,"80  >  52995 [SYN, ACK] Seq=0 Ack=1 Win=4236 Len=0 MSS=1412 SACK_PERM=1",,,,,,,,,
398,225.572419,192.168.100.41,93.184.216.34,TCP,54,52995  >  80 [ACK] Seq=1 Ack=1 Win=64240 Len=0,,,,,,,,,
399,225.574494,192.168.100.41,93.184.216.34,TCP,54,"52995  >  80 [FIN, ACK] Seq=1 Ack=1 Win=64240 Len=0",,,,,,,,,
400,225.574806,93.184.216.34,192.168.100.41,TCP,54,80  >  52995 [ACK] Seq=1 Ack=2 Win=4236 Len=0,,,,,,,,,
401,225.575008,93.184.216.34,192.168.100.41,TCP,54,"80  >  52995 [FIN, ACK] Seq=1 Ack=2 Win=4236 Len=0",,,,,,,,,
402,230.5803,192.168.100.41,93.184.216.34,TCP,54,52995  >  80 [ACK] Seq=2 Ack=2 Win=64240 Len=0,,,,,,,,,
403,230.583755,192.168.100.41,93.184.216.34,TCP,66,52996  >  80 [SYN] Seq=0 Win=64240 Len=0 MSS=1460 WS=256 SACK_PERM=1,,,,,,,,,
404,230.584068,93.184.216.34,192.168.100.41,TCP,62,"80  >  52996 [SYN, ACK] Seq=0 Ack=1 Win=4236 Len=0 MSS=1412 SACK_PERM=1",,,,,,,,,
405,230.585002,192.168.100.41,93.184.216.34,TCP,54,52996  >  80 [ACK] Seq=1 Ack=1 Win=64240 Len=0,,,,,,,,,
406,230.586882,192.168.100.41,93.184.216.34,TCP,54,"52996  >  80 [FIN, ACK] Seq=1 Ack=1 Win=64240 Len=0",,,,,,,,,
407,230.587191,93.184.216.34,192.168.100.41,TCP,54,80  >  52996 [ACK] Seq=1 Ack=2 Win=4236 Len=0,,,,,,,,,
408,230.587393,93.184.216.34,192.168.100.41,TCP,54,"80  >  52996 [FIN, ACK] Seq=1 Ack=2 Win=4236 Len=0",,,,,,,,,
409,235.594278,192.168.100.41,93.184.216.34,TCP,54,52996  >  80 [ACK] Seq=2 Ack=2 Win=64240 Len=0,,,,,,,,,
410,235.597542,192.168.100.41,93.184.216.34,TCP,66,52997  >  80 [SYN] Seq=0 Win=64240 Len=0 MSS=1460 WS=256 SACK_PERM=1,,,,,,,,,
411,235.597856,93.184.216.34,192.168.100.41,TCP,62,"80  >  52997 [SYN, ACK] Seq=0 Ack=1 Win=4236 Len=0 MSS=1412 SACK_PERM=1",,,,,,,,,
412,235.598767,192.168.100.41,93.184.216.34,TCP,54,52997  >  80 [ACK] Seq=1 Ack=1 Win=64240 Len=0,,,,,,,,,
413,235.600611,192.168.100.41,93.184.216.34,TCP,54,"52997  >  80 [FIN, ACK] Seq=1 Ack=1 Win=64240 Len=0",,,,,,,,,
414,235.600918,93.184.216.34,192.168.100.41,TCP,54,80  >  52997 [ACK] Seq=1 Ack=2 Win=4236 Len=0,,,,,,,,,
415,235.601119,93.184.216.34,192.168.100.41,TCP,54,"80  >  52997 [FIN, ACK] Seq=1 Ack=2 Win=4236 Len=0",,,,,,,,,
416,238.286075,192.168.100.41,93.184.216.34,TCP,54,52997  >  80 [ACK] Seq=2 Ack=2 Win=64240 Len=0,,,,,,,,,
417,238.307466,192.168.100.41,40.90.189.152,TLSv1.2,153,"[TCP ACKed unseen segment] , Application Data",,,,,,,,,
418,238.361841,40.90.189.152,192.168.100.41,TLSv1.2,223,"[TCP Previous segment not captured] , Application Data",,,,,,,,,
419,240.599087,192.168.100.41,40.90.189.152,TCP,54,[TCP ACKed unseen segment] 58153  >  443 [ACK] Seq=179943567 Ack=1297691943 Win=508 Len=0,,,,,,,,,
420,240.602396,192.168.100.41,93.184.216.34,TCP,66,52998  >  80 [SYN] Seq=0 Win=64240 Len=0 MSS=1460 WS=256 SACK_PERM=1,,,,,,,,,
421,240.60271,93.184.216.34,192.168.100.41,TCP,62,"80  >  52998 [SYN, ACK] Seq=0 Ack=1 Win=4236 Len=0 MSS=1412 SACK_PERM=1",,,,,,,,,
422,240.603624,192.168.100.41,93.184.216.34,TCP,54,52998  >  80 [ACK] Seq=1 Ack=1 Win=64240 Len=0,,,,,,,,,
423,240.605741,192.168.100.41,93.184.216.34,TCP,54,"52998  >  80 [FIN, ACK] Seq=1 Ack=1 Win=64240 Len=0",,,,,,,,,
424,240.606052,93.184.216.34,192.168.100.41,TCP,54,80  >  52998 [ACK] Seq=1 Ack=2 Win=4236 Len=0,,,,,,,,,
425,240.606252,93.184.216.34,192.168.100.41,TCP,54,"80  >  52998 [FIN, ACK] Seq=1 Ack=2 Win=4236 Len=0",,,,,,,,,
426,245.613231,192.168.100.41,93.184.216.34,TCP,54,52998  >  80 [ACK] Seq=2 Ack=2 Win=64240 Len=0,,,,,,,,,
427,245.616476,192.168.100.41,93.184.216.34,TCP,66,52999  >  80 [SYN] Seq=0 Win=64240 Len=0 MSS=1460 WS=256 SACK_PERM=1,,,,,,,,,
428,245.6168,93.184.216.34,192.168.100.41,TCP,62,"80  >  52999 [SYN, ACK] Seq=0 Ack=1 Win=4236 Len=0 MSS=1412 SACK_PERM=1",,,,,,,,,
429,245.617399,192.168.100.41,93.184.216.34,TCP,54,52999  >  80 [ACK] Seq=1 Ack=1 Win=64240 Len=0,,,,,,,,,
430,245.619364,192.168.100.41,93.184.216.34,TCP,54,"52999  >  80 [FIN, ACK] Seq=1 Ack=1 Win=64240 Len=0",,,,,,,,,
431,245.619695,93.184.216.34,192.168.100.41,TCP,54,80  >  52999 [ACK] Seq=1 Ack=2 Win=4236 Len=0,,,,,,,,,
432,245.619895,93.184.216.34,192.168.100.41,TCP,54,"80  >  52999 [FIN, ACK] Seq=1 Ack=2 Win=4236 Len=0",,,,,,,,,
433,250.627107,192.168.100.41,93.184.216.34,TCP,54,52999  >  80 [ACK] Seq=2 Ack=2 Win=64240 Len=0,,,,,,,,,
434,250.630763,192.168.100.41,93.184.216.34,TCP,66,53000  >  80 [SYN] Seq=0 Win=64240 Len=0 MSS=1460 WS=256 SACK_PERM=1,,,,,,,,,
435,250.631075,93.184.216.34,192.168.100.41,TCP,62,"80  >  53000 [SYN, ACK] Seq=0 Ack=1 Win=4236 Len=0 MSS=1412 SACK_PERM=1",,,,,,,,,
436,250.631994,192.168.100.41,93.184.216.34,TCP,54,53000  >  80 [ACK] Seq=1 Ack=1 Win=64240 Len=0,,,,,,,,,
437,250.633877,192.168.100.41,93.184.216.34,TCP,54,"53000  >  80 [FIN, ACK] Seq=1 Ack=1 Win=64240 Len=0",,,,,,,,,
438,250.634187,93.184.216.34,192.168.100.41,TCP,54,80  >  53000 [ACK] Seq=1 Ack=2 Win=4236 Len=0,,,,,,,,,
439,250.634388,93.184.216.34,192.168.100.41,TCP,54,"80  >  53000 [FIN, ACK] Seq=1 Ack=2 Win=4236 Len=0",,,,,,,,,
440,255.639362,192.168.100.41,93.184.216.34,TCP,54,53000  >  80 [ACK] Seq=2 Ack=2 Win=64240 Len=0,,,,,,,,,
442,255.642808,192.168.100.41,93.184.216.34,TCP,66,53001  >  80 [SYN] Seq=0 Win=64240 Len=0 MSS=1460 WS=256 SACK_PERM=1,,,,,,,,,
443,255.64312,93.184.216.34,192.168.100.41,TCP,62,"80  >  53001 [SYN, ACK] Seq=0 Ack=1 Win=4236 Len=0 MSS=1412 SACK_PERM=1",,,,,,,,,
444,255.644035,192.168.100.41,93.184.216.34,TCP,54,53001  >  80 [ACK] Seq=1 Ack=1 Win=64240 Len=0,,,,,,,,,
445,255.645961,192.168.100.41,93.184.216.34,TCP,54,"53001  >  80 [FIN, ACK] Seq=1 Ack=1 Win=64240 Len=0",,,,,,,,,
446,255.646269,93.184.216.34,192.168.100.41,TCP,54,80  >  53001 [ACK] Seq=1 Ack=2 Win=4236 Len=0,,,,,,,,,
447,255.646471,93.184.216.34,192.168.100.41,TCP,54,"80  >  53001 [FIN, ACK] Seq=1 Ack=2 Win=4236 Len=0",,,,,,,,,
448,260.653637,192.168.100.41,93.184.216.34,TCP,54,53001  >  80 [ACK] Seq=2 Ack=2 Win=64240 Len=0,,,,,,,,,
454,260.657668,192.168.100.41,93.184.216.34,TCP,66,53002  >  80 [SYN] Seq=0 Win=64240 Len=0 MSS=1460 WS=256 SACK_PERM=1,,,,,,,,,
455,260.657986,93.184.216.34,192.168.100.41,TCP,62,"80  >  53002 [SYN, ACK] Seq=0 Ack=1 Win=4236 Len=0 MSS=1412 SACK_PERM=1",,,,,,,,,
456,260.658648,192.168.100.41,93.184.216.34,TCP,54,53002  >  80 [ACK] Seq=1 Ack=1 Win=64240 Len=0,,,,,,,,,
457,260.66066,192.168.100.41,93.184.216.34,TCP,54,"53002  >  80 [FIN, ACK] Seq=1 Ack=1 Win=64240 Len=0",,,,,,,,,
458,260.660969,93.184.216.34,192.168.100.41,TCP,54,80  >  53002 [ACK] Seq=1 Ack=2 Win=4236 Len=0,,,,,,,,,
459,260.66117,93.184.216.34,192.168.100.41,TCP,54,"80  >  53002 [FIN, ACK] Seq=1 Ack=2 Win=4236 Len=0",,,,,,,,,
460,265.667425,192.168.100.41,93.184.216.34,TCP,54,53002  >  80 [ACK] Seq=2 Ack=2 Win=64240 Len=0,,,,,,,,,
467,265.670677,192.168.100.41,93.184.216.34,TCP,66,53003  >  80 [SYN] Seq=0 Win=64240 Len=0 MSS=1460 WS=256 SACK_PERM=1,,,,,,,,,
468,265.671001,93.184.216.34,192.168.100.41,TCP,62,"80  >  53003 [SYN, ACK] Seq=0 Ack=1 Win=4236 Len=0 MSS=1412 SACK_PERM=1",,,,,,,,,
469,265.671935,192.168.100.41,93.184.216.34,TCP,54,53003  >  80 [ACK] Seq=1 Ack=1 Win=64240 Len=0,,,,,,,,,
470,265.67525,192.168.100.41,93.184.216.34,TCP,54,"53003  >  80 [FIN, ACK] Seq=1 Ack=1 Win=64240 Len=0",,,,,,,,,
471,265.675558,93.184.216.34,192.168.100.41,TCP,54,80  >  53003 [ACK] Seq=1 Ack=2 Win=4236 Len=0,,,,,,,,,
472,265.67576,93.184.216.34,192.168.100.41,TCP,54,"80  >  53003 [FIN, ACK] Seq=1 Ack=2 Win=4236 Len=0",,,,,,,,,
473,268.178732,192.168.100.41,93.184.216.34,TCP,54,53003  >  80 [ACK] Seq=2 Ack=2 Win=64240 Len=0,,,,,,,,,
475,268.178924,40.90.189.152,192.168.100.41,TCP,54,[TCP Previous segment not captured] 443  >  58153 [ACK] Seq=1660944385 Ack=170 Win=52252 Len=0,,,,,,,,,
476,270.681476,192.168.100.41,40.90.189.152,TCP,54,[TCP Dup ACK 419#1] 58153  >  443 [ACK] Seq=179943567 Ack=1297691943 Win=508 Len=0,,,,,,,,,
479,270.684947,192.168.100.41,93.184.216.34,TCP,66,53004  >  80 [SYN] Seq=0 Win=64240 Len=0 MSS=1460 WS=256 SACK_PERM=1,,,,,,,,,
480,270.685258,93.184.216.34,192.168.100.41,TCP,62,"80  >  53004 [SYN, ACK] Seq=0 Ack=1 Win=4236 Len=0 MSS=1412 SACK_PERM=1",,,,,,,,,
481,270.686224,192.168.100.41,93.184.216.34,TCP,54,53004  >  80 [ACK] Seq=1 Ack=1 Win=64240 Len=0,,,,,,,,,
482,270.688659,192.168.100.41,93.184.216.34,TCP,54,"53004  >  80 [FIN, ACK] Seq=1 Ack=1 Win=64240 Len=0",,,,,,,,,
483,270.688969,93.184.216.34,192.168.100.41,TCP,54,80  >  53004 [ACK] Seq=1 Ack=2 Win=4236 Len=0,,,,,,,,,
484,270.689169,93.184.216.34,192.168.100.41,TCP,54,"80  >  53004 [FIN, ACK] Seq=1 Ack=2 Win=4236 Len=0",,,,,,,,,
485,275.686784,192.168.100.41,93.184.216.34,TCP,54,53004  >  80 [ACK] Seq=2 Ack=2 Win=64240 Len=0,,,,,,,,,
486,275.690157,192.168.100.41,93.184.216.34,TCP,66,53005  >  80 [SYN] Seq=0 Win=64240 Len=0 MSS=1460 WS=256 SACK_PERM=1,,,,,,,,,
487,275.69047,93.184.216.34,192.168.100.41,TCP,62,"80  >  53005 [SYN, ACK] Seq=0 Ack=1 Win=4236 Len=0 MSS=1412 SACK_PERM=1",,,,,,,,,
488,275.691376,192.168.100.41,93.184.216.34,TCP,54,53005  >  80 [ACK] Seq=1 Ack=1 Win=64240 Len=0,,,,,,,,,
489,275.693519,192.168.100.41,93.184.216.34,TCP,54,"53005  >  80 [FIN, ACK] Seq=1 Ack=1 Win=64240 Len=0",,,,,,,,,
490,275.693828,93.184.216.34,192.168.100.41,TCP,54,80  >  53005 [ACK] Seq=1 Ack=2 Win=4236 Len=0,,,,,,,,,
491,275.694029,93.184.216.34,192.168.100.41,TCP,54,"80  >  53005 [FIN, ACK] Seq=1 Ack=2 Win=4236 Len=0",,,,,,,,,
492,280.700824,192.168.100.41,93.184.216.34,TCP,54,53005  >  80 [ACK] Seq=2 Ack=2 Win=64240 Len=0,,,,,,,,,
494,280.704053,192.168.100.41,93.184.216.34,TCP,66,53006  >  80 [SYN] Seq=0 Win=64240 Len=0 MSS=1460 WS=256 SACK_PERM=1,,,,,,,,,
495,280.704361,93.184.216.34,192.168.100.41,TCP,62,"80  >  53006 [SYN, ACK] Seq=0 Ack=1 Win=4236 Len=0 MSS=1412 SACK_PERM=1",,,,,,,,,
496,280.704929,192.168.100.41,93.184.216.34,TCP,54,53006  >  80 [ACK] Seq=1 Ack=1 Win=64240 Len=0,,,,,,,,,
497,280.707099,192.168.100.41,93.184.216.34,TCP,54,"53006  >  80 [FIN, ACK] Seq=1 Ack=1 Win=64240 Len=0",,,,,,,,,
498,280.707409,93.184.216.34,192.168.100.41,TCP,54,80  >  53006 [ACK] Seq=1 Ack=2 Win=4236 Len=0,,,,,,,,,
499,280.707611,93.184.216.34,192.168.100.41,TCP,54,"80  >  53006 [FIN, ACK] Seq=1 Ack=2 Win=4236 Len=0",,,,,,,,,
500,285.711469,192.168.100.41,93.184.216.34,TCP,54,53006  >  80 [ACK] Seq=2 Ack=2 Win=64240 Len=0,,,,,,,,,
501,285.714534,192.168.100.41,93.184.216.34,TCP,66,53007  >  80 [SYN] Seq=0 Win=64240 Len=0 MSS=1460 WS=256 SACK_PERM=1,,,,,,,,,
502,285.714847,93.184.216.34,192.168.100.41,TCP,62,"80  >  53007 [SYN, ACK] Seq=0 Ack=1 Win=4236 Len=0 MSS=1412 SACK_PERM=1",,,,,,,,,
503,285.715783,192.168.100.41,93.184.216.34,TCP,54,53007  >  80 [ACK] Seq=1 Ack=1 Win=64240 Len=0,,,,,,,,,
504,285.717694,192.168.100.41,93.184.216.34,TCP,54,"53007  >  80 [FIN, ACK] Seq=1 Ack=1 Win=64240 Len=0",,,,,,,,,
505,285.718003,93.184.216.34,192.168.100.41,TCP,54,80  >  53007 [ACK] Seq=1 Ack=2 Win=4236 Len=0,,,,,,,,,
506,285.718205,93.184.216.34,192.168.100.41,TCP,54,"80  >  53007 [FIN, ACK] Seq=1 Ack=2 Win=4236 Len=0",,,,,,,,,
507,290.725292,192.168.100.41,93.184.216.34,TCP,54,53007  >  80 [ACK] Seq=2 Ack=2 Win=64240 Len=0,,,,,,,,,
511,290.728746,192.168.100.41,93.184.216.34,TCP,66,53008  >  80 [SYN] Seq=0 Win=64240 Len=0 MSS=1460 WS=256 SACK_PERM=1,,,,,,,,,
512,290.729057,93.184.216.34,192.168.100.41,TCP,62,"80  >  53008 [SYN, ACK] Seq=0 Ack=1 Win=4236 Len=0 MSS=1412 SACK_PERM=1",,,,,,,,,
513,290.72999,192.168.100.41,93.184.216.34,TCP,54,53008  >  80 [ACK] Seq=1 Ack=1 Win=64240 Len=0,,,,,,,,,
514,290.731963,192.168.100.41,93.184.216.34,TCP,54,"53008  >  80 [FIN, ACK] Seq=1 Ack=1 Win=64240 Len=0",,,,,,,,,
515,290.732273,93.184.216.34,192.168.100.41,TCP,54,80  >  53008 [ACK] Seq=1 Ack=2 Win=4236 Len=0,,,,,,,,,
516,290.732473,93.184.216.34,192.168.100.41,TCP,54,"80  >  53008 [FIN, ACK] Seq=1 Ack=2 Win=4236 Len=0",,,,,,,,,
517,295.739325,192.168.100.41,93.184.216.34,TCP,54,53008  >  80 [ACK] Seq=2 Ack=2 Win=64240 Len=0,,,,,,,,,
518,295.742719,192.168.100.41,93.184.216.34,TCP,66,53009  >  80 [SYN] Seq=0 Win=64240 Len=0 MSS=1460 WS=256 SACK_PERM=1,,,,,,,,,
519,295.743033,93.184.216.34,192.168.100.41,TCP,62,"80  >  53009 [SYN, ACK] Seq=0 Ack=1 Win=4236 Len=0 MSS=1412 SACK_PERM=1",,,,,,,,,
520,295.743943,192.168.100.41,93.184.216.34,TCP,54,53009  >  80 [ACK] Seq=1 Ack=1 Win=64240 Len=0,,,,,,,,,
521,295.746218,192.168.100.41,93.184.216.34,TCP,54,"53009  >  80 [FIN, ACK] Seq=1 Ack=1 Win=64240 Len=0",,,,,,,,,
522,295.746529,93.184.216.34,192.168.100.41,TCP,54,80  >  53009 [ACK] Seq=1 Ack=2 Win=4236 Len=0,,,,,,,,,
523,295.74673,93.184.216.34,192.168.100.41,TCP,54,"80  >  53009 [FIN, ACK] Seq=1 Ack=2 Win=4236 Len=0",,,,,,,,,
524,298.585368,192.168.100.41,93.184.216.34,TCP,54,53009  >  80 [ACK] Seq=2 Ack=2 Win=64240 Len=0,,,,,,,,,
525,298.585559,40.90.189.152,192.168.100.41,TCP,54,[TCP Dup ACK 475#1] 443  >  58153 [ACK] Seq=1660944385 Ack=170 Win=52252 Len=0,,,,,,,,,
526,300.753176,192.168.100.41,40.90.189.152,TCP,54,[TCP Dup ACK 419#2] 58153  >  443 [ACK] Seq=179943567 Ack=1297691943 Win=508 Len=0,,,,,,,,,
527,300.756736,192.168.100.41,93.184.216.34,TCP,66,53010  >  80 [SYN] Seq=0 Win=64240 Len=0 MSS=1460 WS=256 SACK_PERM=1,,,,,,,,,
528,300.757053,93.184.216.34,192.168.100.41,TCP,62,"80  >  53010 [SYN, ACK] Seq=0 Ack=1 Win=4236 Len=0 MSS=1412 SACK_PERM=1",,,,,,,,,
529,300.757976,192.168.100.41,93.184.216.34,TCP,54,53010  >  80 [ACK] Seq=1 Ack=1 Win=64240 Len=0,,,,,,,,,
530,300.760076,192.168.100.41,93.184.216.34,TCP,54,"53010  >  80 [FIN, ACK] Seq=1 Ack=1 Win=64240 Len=0",,,,,,,,,
531,300.760385,93.184.216.34,192.168.100.41,TCP,54,80  >  53010 [ACK] Seq=1 Ack=2 Win=4236 Len=0,,,,,,,,,
532,300.760587,93.184.216.34,192.168.100.41,TCP,54,"80  >  53010 [FIN, ACK] Seq=1 Ack=2 Win=4236 Len=0",,,,,,,,,
533,305.76737,192.168.100.41,93.184.216.34,TCP,54,53010  >  80 [ACK] Seq=2 Ack=2 Win=64240 Len=0,,,,,,,,,
534,305.77063,192.168.100.41,93.184.216.34,TCP,66,53011  >  80 [SYN] Seq=0 Win=64240 Len=0 MSS=1460 WS=256 SACK_PERM=1,,,,,,,,,
535,305.770942,93.184.216.34,192.168.100.41,TCP,62,"80  >  53011 [SYN, ACK] Seq=0 Ack=1 Win=4236 Len=0 MSS=1412 SACK_PERM=1",,,,,,,,,
536,305.771875,192.168.100.41,93.184.216.34,TCP,54,53011  >  80 [ACK] Seq=1 Ack=1 Win=64240 Len=0,,,,,,,,,
537,305.773805,192.168.100.41,93.184.216.34,TCP,54,"53011  >  80 [FIN, ACK] Seq=1 Ack=1 Win=64240 Len=0",,,,,,,,,
538,305.774117,93.184.216.34,192.168.100.41,TCP,54,80  >  53011 [ACK] Seq=1 Ack=2 Win=4236 Len=0,,,,,,,,,
539,305.774318,93.184.216.34,192.168.100.41,TCP,54,"80  >  53011 [FIN, ACK] Seq=1 Ack=2 Win=4236 Len=0",,,,,,,,,
540,310.778781,192.168.100.41,93.184.216.34,TCP,54,53011  >  80 [ACK] Seq=2 Ack=2 Win=64240 Len=0,,,,,,,,,
541,310.782308,192.168.100.41,93.184.216.34,TCP,66,53012  >  80 [SYN] Seq=0 Win=64240 Len=0 MSS=1460 WS=256 SACK_PERM=1,,,,,,,,,
542,310.782621,93.184.216.34,192.168.100.41,TCP,62,"80  >  53012 [SYN, ACK] Seq=0 Ack=1 Win=4236 Len=0 MSS=1412 SACK_PERM=1",,,,,,,,,
543,310.783583,192.168.100.41,93.184.216.34,TCP,54,53012  >  80 [ACK] Seq=1 Ack=1 Win=64240 Len=0,,,,,,,,,
544,310.785434,192.168.100.41,93.184.216.34,TCP,54,"53012  >  80 [FIN, ACK] Seq=1 Ack=1 Win=64240 Len=0",,,,,,,,,
545,310.785745,93.184.216.34,192.168.100.41,TCP,54,80  >  53012 [ACK] Seq=1 Ack=2 Win=4236 Len=0,,,,,,,,,
546,310.785946,93.184.216.34,192.168.100.41,TCP,54,"80  >  53012 [FIN, ACK] Seq=1 Ack=2 Win=4236 Len=0",,,,,,,,,
547,315.785489,192.168.100.41,93.184.216.34,TCP,54,53012  >  80 [ACK] Seq=2 Ack=2 Win=64240 Len=0,,,,,,,,,
548,315.788703,192.168.100.41,93.184.216.34,TCP,66,53013  >  80 [SYN] Seq=0 Win=64240 Len=0 MSS=1460 WS=256 SACK_PERM=1,,,,,,,,,
549,315.789016,93.184.216.34,192.168.100.41,TCP,62,"80  >  53013 [SYN, ACK] Seq=0 Ack=1 Win=4236 Len=0 MSS=1412 SACK_PERM=1",,,,,,,,,
550,315.789945,192.168.100.41,93.184.216.34,TCP,54,53013  >  80 [ACK] Seq=1 Ack=1 Win=64240 Len=0,,,,,,,,,
551,315.792035,192.168.100.41,93.184.216.34,TCP,54,"53013  >  80 [FIN, ACK] Seq=1 Ack=1 Win=64240 Len=0",,,,,,,,,
552,315.792344,93.184.216.34,192.168.100.41,TCP,54,80  >  53013 [ACK] Seq=1 Ack=2 Win=4236 Len=0,,,,,,,,,
553,315.792546,93.184.216.34,192.168.100.41,TCP,54,"80  >  53013 [FIN, ACK] Seq=1 Ack=2 Win=4236 Len=0",,,,,,,,,
554,320.787035,192.168.100.41,93.184.216.34,TCP,54,53013  >  80 [ACK] Seq=2 Ack=2 Win=64240 Len=0,,,,,,,,,
558,320.79125,192.168.100.41,93.184.216.34,TCP,66,53014  >  80 [SYN] Seq=0 Win=64240 Len=0 MSS=1460 WS=256 SACK_PERM=1,,,,,,,,,
559,320.791564,93.184.216.34,192.168.100.41,TCP,62,"80  >  53014 [SYN, ACK] Seq=0 Ack=1 Win=4236 Len=0 MSS=1412 SACK_PERM=1",,,,,,,,,
560,320.792599,192.168.100.41,93.184.216.34,TCP,54,53014  >  80 [ACK] Seq=1 Ack=1 Win=64240 Len=0,,,,,,,,,
561,320.794972,192.168.100.41,93.184.216.34,TCP,54,"53014  >  80 [FIN, ACK] Seq=1 Ack=1 Win=64240 Len=0",,,,,,,,,
562,320.795283,93.184.216.34,192.168.100.41,TCP,54,80  >  53014 [ACK] Seq=1 Ack=2 Win=4236 Len=0,,,,,,,,,
563,320.795482,93.184.216.34,192.168.100.41,TCP,54,"80  >  53014 [FIN, ACK] Seq=1 Ack=2 Win=4236 Len=0",,,,,,,,,
564,325.799205,192.168.100.41,93.184.216.34,TCP,54,53014  >  80 [ACK] Seq=2 Ack=2 Win=64240 Len=0,,,,,,,,,
567,325.802584,192.168.100.41,93.184.216.34,TCP,66,53015  >  80 [SYN] Seq=0 Win=64240 Len=0 MSS=1460 WS=256 SACK_PERM=1,,,,,,,,,
568,325.802905,93.184.216.34,192.168.100.41,TCP,62,"80  >  53015 [SYN, ACK] Seq=0 Ack=1 Win=4236 Len=0 MSS=1412 SACK_PERM=1",,,,,,,,,
569,325.803814,192.168.100.41,93.184.216.34,TCP,54,53015  >  80 [ACK] Seq=1 Ack=1 Win=64240 Len=0,,,,,,,,,
570,325.805649,192.168.100.41,93.184.216.34,TCP,54,"53015  >  80 [FIN, ACK] Seq=1 Ack=1 Win=64240 Len=0",,,,,,,,,
571,325.805957,93.184.216.34,192.168.100.41,TCP,54,80  >  53015 [ACK] Seq=1 Ack=2 Win=4236 Len=0,,,,,,,,,
572,325.806161,93.184.216.34,192.168.100.41,TCP,54,"80  >  53015 [FIN, ACK] Seq=1 Ack=2 Win=4236 Len=0",,,,,,,,,
573,328.196623,192.168.100.41,93.184.216.34,TCP,54,53015  >  80 [ACK] Seq=2 Ack=2 Win=64240 Len=0,,,,,,,,,
578,328.196762,40.90.189.152,192.168.100.41,TCP,54,[TCP Dup ACK 475#2] 443  >  58153 [ACK] Seq=1660944385 Ack=170 Win=52252 Len=0,,,,,,,,,
579,330.376378,192.168.100.41,40.90.189.152,TCP,54,[TCP Dup ACK 419#3] 58153  >  443 [ACK] Seq=179943567 Ack=1297691943 Win=508 Len=0,,,,,,,,,
580,330.379456,192.168.100.41,117.18.232.200,TCP,54,"52876  >  443 [FIN, ACK] Seq=1 Ack=1 Win=1023 Len=0",,,,,,,,,
581,330.630852,192.168.100.41,117.18.232.200,TCP,54,"52877  >  443 [FIN, ACK] Seq=1 Ack=1 Win=1019 Len=0",,,,,,,,,
582,330.650083,192.168.100.41,204.79.197.200,TCP,66,53016  >  443 [SYN] Seq=0 Win=65535 Len=0 MSS=1460 WS=256 SACK_PERM=1,,,,,,,,,
583,330.65028,204.79.197.200,192.168.100.41,TCP,66,"443  >  53016 [SYN, ACK] Seq=0 Ack=1 Win=65535 Len=0 MSS=1412 WS=256 SACK_PERM=1",,,,,,,,,
584,330.651162,192.168.100.41,204.79.197.200,TCP,54,53016  >  443 [ACK] Seq=1 Ack=1 Win=262144 Len=0,,,,,,,,,
585,330.669779,192.168.100.41,204.79.197.200,TLSv1.2,547,Client Hello,,,,,,,,,
586,330.671841,204.79.197.200,192.168.100.41,TCP,54,443  >  53016 [ACK] Seq=1 Ack=494 Win=524544 Len=0,,,,,,,,,
587,330.672005,204.79.197.200,192.168.100.41,TCP,1466,443  >  53016 [ACK] Seq=1 Ack=494 Win=524544 Len=1412 [TCP segment of a reassembled PDU],,,,,,,,,
588,330.672562,192.168.100.41,204.79.197.200,TCP,54,53016  >  443 [ACK] Seq=494 Ack=1413 Win=262144 Len=0,,,,,,,,,
589,330.672562,204.79.197.200,192.168.100.41,TCP,1466,443  >  53016 [ACK] Seq=1413 Ack=494 Win=524544 Len=1412 [TCP segment of a reassembled PDU],,,,,,,,,
590,330.672675,204.79.197.200,192.168.100.41,TCP,1466,443  >  53016 [ACK] Seq=2825 Ack=494 Win=524544 Len=1412 [TCP segment of a reassembled PDU],,,,,,,,,
591,330.673459,192.168.100.41,204.79.197.200,TCP,54,53016  >  443 [ACK] Seq=494 Ack=4237 Win=262144 Len=0,,,,,,,,,
592,330.673459,204.79.197.200,192.168.100.41,TCP,1466,443  >  53016 [ACK] Seq=4237 Ack=494 Win=524544 Len=1412 [TCP segment of a reassembled PDU],,,,,,,,,
593,330.673459,204.79.197.200,192.168.100.41,TCP,1466,443  >  53016 [ACK] Seq=5649 Ack=494 Win=524544 Len=1412 [TCP segment of a reassembled PDU],,,,,,,,,
594,330.673629,204.79.197.200,192.168.100.41,TLSv1.2,342,"Server Hello, Certificate, Certificate Status, Server Key Exchange, Server Hello Done",,,,,,,,,
595,330.684583,192.168.100.41,204.79.197.200,TCP,54,53016  >  443 [ACK] Seq=494 Ack=7349 Win=262144 Len=0,,,,,,,,,
596,330.684764,192.168.100.41,117.18.232.200,TCP,54,"[TCP Retransmission] 52876  >  443 [FIN, ACK] Seq=1 Ack=1 Win=1023 Len=0",,,,,,,,,
597,330.698457,192.168.100.41,117.18.232.200,TCP,54,"[TCP Retransmission] 52877  >  443 [FIN, ACK] Seq=1 Ack=1 Win=1019 Len=0",,,,,,,,,
598,330.699322,192.168.100.41,204.79.197.200,TLSv1.2,212,"Client Key Exchange, Change Cipher Spec, Encrypted Handshake Message",,,,,,,,,
599,330.699551,192.168.100.41,204.79.197.200,TLSv1.2,141,Application Data,,,,,,,,,
600,330.717076,192.168.100.41,204.79.197.200,TLSv1.2,878,Application Data,,,,,,,,,
601,330.718473,204.79.197.200,192.168.100.41,TCP,56,443  >  53016 [ACK] Seq=7349 Ack=652 Win=524544 Len=0,,,,,,,,,
602,330.718773,204.79.197.200,192.168.100.41,TCP,56,443  >  53016 [ACK] Seq=7349 Ack=739 Win=524288 Len=0,,,,,,,,,
603,330.720579,204.79.197.200,192.168.100.41,TCP,56,443  >  53016 [ACK] Seq=7349 Ack=1563 Win=525056 Len=0,,,,,,,,,
604,330.720736,204.79.197.200,192.168.100.41,TLSv1.2,380,"New Session Ticket, Change Cipher Spec, Encrypted Handshake Message",,,,,,,,,
605,330.720951,192.168.100.41,204.79.197.200,TCP,54,53016  >  443 [ACK] Seq=1563 Ack=7675 Win=261632 Len=0,,,,,,,,,
606,330.721006,204.79.197.200,192.168.100.41,TLSv1.2,123,Application Data,,,,,,,,,
607,330.722198,192.168.100.41,204.79.197.200,TCP,54,53016  >  443 [ACK] Seq=1563 Ack=7744 Win=261632 Len=0,,,,,,,,,
608,330.738932,192.168.100.41,204.79.197.200,TLSv1.2,92,Application Data,,,,,,,,,
609,330.73919,204.79.197.200,192.168.100.41,TLSv1.2,92,Application Data,,,,,,,,,
610,330.740461,192.168.100.41,204.79.197.200,TCP,54,53016  >  443 [ACK] Seq=1601 Ack=7782 Win=261632 Len=0,,,,,,,,,
611,330.77121,204.79.197.200,192.168.100.41,TCP,56,443  >  53016 [ACK] Seq=7782 Ack=1601 Win=525056 Len=0,,,,,,,,,
612,330.771376,204.79.197.200,192.168.100.41,TLSv1.2,280,Application Data,,,,,,,,,
613,330.897348,192.168.100.41,204.79.197.200,TCP,54,53016  >  443 [ACK] Seq=1601 Ack=8008 Win=261376 Len=0,,,,,,,,,
614,330.900403,192.168.100.41,93.184.216.34,TCP,66,53017  >  80 [SYN] Seq=0 Win=64240 Len=0 MSS=1460 WS=256 SACK_PERM=1,,,,,,,,,
615,330.900595,93.184.216.34,192.168.100.41,TCP,62,"80  >  53017 [SYN, ACK] Seq=0 Ack=1 Win=4236 Len=0 MSS=1412 SACK_PERM=1",,,,,,,,,
616,330.901246,192.168.100.41,93.184.216.34,TCP,54,53017  >  80 [ACK] Seq=1 Ack=1 Win=64240 Len=0,,,,,,,,,
617,330.905446,192.168.100.41,93.184.216.34,TCP,54,"53017  >  80 [FIN, ACK] Seq=1 Ack=1 Win=64240 Len=0",,,,,,,,,
618,330.905814,93.184.216.34,192.168.100.41,TCP,54,80  >  53017 [ACK] Seq=1 Ack=2 Win=4236 Len=0,,,,,,,,,
619,330.905934,93.184.216.34,192.168.100.41,TCP,54,"80  >  53017 [FIN, ACK] Seq=1 Ack=2 Win=4236 Len=0",,,,,,,,,
620,331.294046,192.168.100.41,93.184.216.34,TCP,54,53017  >  80 [ACK] Seq=2 Ack=2 Win=64240 Len=0,,,,,,,,,
621,331.294287,192.168.100.41,117.18.232.200,TCP,54,"[TCP Retransmission] 52876  >  443 [FIN, ACK] Seq=1 Ack=1 Win=1023 Len=0",,,,,,,,,
622,332.496775,192.168.100.41,117.18.232.200,TCP,54,"[TCP Retransmission] 52877  >  443 [FIN, ACK] Seq=1 Ack=1 Win=1019 Len=0",,,,,,,,,
623,332.496945,192.168.100.41,117.18.232.200,TCP,54,"[TCP Retransmission] 52876  >  443 [FIN, ACK] Seq=1 Ack=1 Win=1023 Len=0",,,,,,,,,
624,334.855625,192.168.100.41,117.18.232.200,TCP,54,"[TCP Retransmission] 52877  >  443 [FIN, ACK] Seq=1 Ack=1 Win=1019 Len=0",,,,,,,,,
625,334.855625,192.168.100.41,204.79.197.200,TCP,1466,53016  >  443 [ACK] Seq=1601 Ack=8008 Win=261376 Len=1412 [TCP segment of a reassembled PDU],,,,,,,,,
626,334.874666,192.168.100.41,204.79.197.200,TLSv1.2,170,Application Data,,,,,,,,,
627,334.875003,204.79.197.200,192.168.100.41,TCP,56,443  >  53016 [ACK] Seq=8008 Ack=3013 Win=525056 Len=0,,,,,,,,,
628,334.901972,204.79.197.200,192.168.100.41,TCP,56,443  >  53016 [ACK] Seq=8008 Ack=3129 Win=525056 Len=0,,,,,,,,,
629,334.90211,192.168.100.41,117.18.232.200,TCP,54,"[TCP Retransmission] 52876  >  443 [FIN, ACK] Seq=1 Ack=1 Win=1023 Len=0",,,,,,,,,
630,334.950621,192.168.100.41,117.18.232.200,TCP,54,"[TCP Retransmission] 52877  >  443 [FIN, ACK] Seq=1 Ack=1 Win=1019 Len=0",,,,,,,,,
631,334.950794,204.79.197.200,192.168.100.41,TCP,1466,443  >  53016 [ACK] Seq=8008 Ack=3129 Win=525056 Len=1412 [TCP segment of a reassembled PDU],,,,,,,,,
632,334.951075,192.168.100.41,204.79.197.200,TCP,54,53016  >  443 [ACK] Seq=3129 Ack=9420 Win=262144 Len=0,,,,,,,,,
633,334.951075,204.79.197.200,192.168.100.41,TLSv1.2,440,Application Data,,,,,,,,,
634,334.951159,204.79.197.200,192.168.100.41,TLSv1.2,92,Application Data,,,,,,,,,
635,335.119545,192.168.100.41,204.79.197.200,TCP,54,53016  >  443 [ACK] Seq=3129 Ack=9844 Win=261632 Len=0,,,,,,,,,
636,335.13818,192.168.100.41,204.79.197.200,TLSv1.2,450,Application Data,,,,,,,,,
637,335.215359,204.79.197.200,192.168.100.41,TCP,56,443  >  53016 [ACK] Seq=9844 Ack=3525 Win=524544 Len=0,,,,,,,,,
638,335.215524,204.79.197.200,192.168.100.41,TCP,1466,443  >  53016 [ACK] Seq=9844 Ack=3525 Win=524544 Len=1412 [TCP segment of a reassembled PDU],,,,,,,,,
639,335.215761,192.168.100.41,204.79.197.200,TCP,54,53016  >  443 [ACK] Seq=3525 Ack=11256 Win=262144 Len=0,,,,,,,,,
640,335.215761,204.79.197.200,192.168.100.41,TLSv1.2,344,Application Data,,,,,,,,,
641,335.215836,204.79.197.200,192.168.100.41,TLSv1.2,92,Application Data,,,,,,,,,
642,335.966455,192.168.100.41,204.79.197.200,TCP,54,53016  >  443 [ACK] Seq=3525 Ack=11584 Win=261632 Len=0,,,,,,,,,
643,335.969434,192.168.100.41,93.184.216.34,TCP,66,53018  >  80 [SYN] Seq=0 Win=64240 Len=0 MSS=1460 WS=256 SACK_PERM=1,,,,,,,,,
644,335.969642,93.184.216.34,192.168.100.41,TCP,62,"80  >  53018 [SYN, ACK] Seq=0 Ack=1 Win=4236 Len=0 MSS=1412 SACK_PERM=1",,,,,,,,,
645,335.970246,192.168.100.41,93.184.216.34,TCP,54,53018  >  80 [ACK] Seq=1 Ack=1 Win=64240 Len=0,,,,,,,,,
646,335.972162,192.168.100.41,93.184.216.34,TCP,54,"53018  >  80 [FIN, ACK] Seq=1 Ack=1 Win=64240 Len=0",,,,,,,,,
647,335.972461,93.184.216.34,192.168.100.41,TCP,54,80  >  53018 [ACK] Seq=1 Ack=2 Win=4236 Len=0,,,,,,,,,
648,335.972564,93.184.216.34,192.168.100.41,TCP,54,"80  >  53018 [FIN, ACK] Seq=1 Ack=2 Win=4236 Len=0",,,,,,,,,
649,336.000242,192.168.100.41,93.184.216.34,TCP,54,53018  >  80 [ACK] Seq=2 Ack=2 Win=64240 Len=0,,,,,,,,,
650,336.000836,192.168.100.41,204.79.197.200,TLSv1.2,407,Application Data,,,,,,,,,
651,336.000836,192.168.100.41,204.79.197.200,TCP,1466,53016  >  443 [ACK] Seq=3878 Ack=11584 Win=261632 Len=1412 [TCP segment of a reassembled PDU],,,,,,,,,
652,336.000836,192.168.100.41,204.79.197.200,TCP,1466,53016  >  443 [ACK] Seq=5290 Ack=11584 Win=261632 Len=1412 [TCP segment of a reassembled PDU],,,,,,,,,
653,336.000836,192.168.100.41,204.79.197.200,TCP,1466,53016  >  443 [ACK] Seq=6702 Ack=11584 Win=261632 Len=1412 [TCP segment of a reassembled PDU],,,,,,,,,
654,336.000836,192.168.100.41,204.79.197.200,TCP,1466,53016  >  443 [ACK] Seq=8114 Ack=11584 Win=261632 Len=1412 [TCP segment of a reassembled PDU],,,,,,,,,
655,336.000836,192.168.100.41,204.79.197.200,TCP,1466,53016  >  443 [ACK] Seq=9526 Ack=11584 Win=261632 Len=1412 [TCP segment of a reassembled PDU],,,,,,,,,
656,336.000836,192.168.100.41,204.79.197.200,TCP,1466,53016  >  443 [ACK] Seq=10938 Ack=11584 Win=261632 Len=1412 [TCP segment of a reassembled PDU],,,,,,,,,
657,336.000836,192.168.100.41,204.79.197.200,TCP,1466,53016  >  443 [ACK] Seq=12350 Ack=11584 Win=261632 Len=1412 [TCP segment of a reassembled PDU],,,,,,,,,
658,336.000836,192.168.100.41,204.79.197.200,TCP,1466,53016  >  443 [ACK] Seq=13762 Ack=11584 Win=261632 Len=1412 [TCP segment of a reassembled PDU],,,,,,,,,
659,336.000836,192.168.100.41,204.79.197.200,TCP,1466,53016  >  443 [ACK] Seq=15174 Ack=11584 Win=261632 Len=1412 [TCP segment of a reassembled PDU],,,,,,,,,
660,336.000836,192.168.100.41,204.79.197.200,TCP,1466,53016  >  443 [ACK] Seq=16586 Ack=11584 Win=261632 Len=1412 [TCP segment of a reassembled PDU],,,,,,,,,
661,336.000836,192.168.100.41,204.79.197.200,TCP,1466,53016  >  443 [ACK] Seq=17998 Ack=11584 Win=261632 Len=1412 [TCP segment of a reassembled PDU],,,,,,,,,
662,336.018829,192.168.100.41,204.79.197.200,TLSv1.2,906,Application Data,,,,,,,,,
663,336.018959,204.79.197.200,192.168.100.41,TCP,56,443  >  53016 [ACK] Seq=11584 Ack=3878 Win=524288 Len=0,,,,,,,,,
664,336.021955,192.168.100.41,204.79.197.200,TCP,1466,53016  >  443 [ACK] Seq=20262 Ack=11584 Win=261632 Len=1412 [TCP segment of a reassembled PDU],,,,,,,,,
665,336.022089,204.79.197.200,192.168.100.41,TCP,56,443  >  53016 [ACK] Seq=11584 Ack=5290 Win=525056 Len=0,,,,,,,,,
666,336.022089,192.168.100.41,204.79.197.200,TCP,1466,53016  >  443 [ACK] Seq=21674 Ack=11584 Win=261632 Len=1412 [TCP segment of a reassembled PDU],,,,,,,,,
667,336.022586,192.168.100.41,204.79.197.200,TCP,1466,53016  >  443 [ACK] Seq=23086 Ack=11584 Win=261632 Len=1412 [TCP segment of a reassembled PDU],,,,,,,,,
668,336.022586,204.79.197.200,192.168.100.41,TCP,56,443  >  53016 [ACK] Seq=11584 Ack=6702 Win=525056 Len=0,,,,,,,,,
669,336.022586,204.79.197.200,192.168.100.41,TCP,56,443  >  53016 [ACK] Seq=11584 Ack=9526 Win=525056 Len=0,,,,,,,,,
670,336.022586,204.79.197.200,192.168.100.41,TCP,56,443  >  53016 [ACK] Seq=11584 Ack=10938 Win=525056 Len=0,,,,,,,,,
671,336.022586,204.79.197.200,192.168.100.41,TCP,56,443  >  53016 [ACK] Seq=11584 Ack=12350 Win=525056 Len=0,,,,,,,,,
672,336.022586,204.79.197.200,192.168.100.41,TCP,56,443  >  53016 [ACK] Seq=11584 Ack=15174 Win=525056 Len=0,,,,,,,,,
673,336.022586,204.79.197.200,192.168.100.41,TCP,56,443  >  53016 [ACK] Seq=11584 Ack=16586 Win=525056 Len=0,,,,,,,,,
674,336.022586,204.79.197.200,192.168.100.41,TCP,56,443  >  53016 [ACK] Seq=11584 Ack=17998 Win=525056 Len=0,,,,,,,,,
675,336.022586,204.79.197.200,192.168.100.41,TCP,56,443  >  53016 [ACK] Seq=11584 Ack=19410 Win=525056 Len=0,,,,,,,,,
676,336.022738,204.79.197.200,192.168.100.41,TCP,56,443  >  53016 [ACK] Seq=11584 Ack=20262 Win=524288 Len=0,,,,,,,,,
677,336.037552,192.168.100.41,204.79.197.200,TLSv1.2,420,"Application Data, Application Data",,,,,,,,,
678,336.041195,204.79.197.200,192.168.100.41,TCP,56,443  >  53016 [ACK] Seq=11584 Ack=21674 Win=525056 Len=0,,,,,,,,,
679,336.04155,204.79.197.200,192.168.100.41,TCP,56,443  >  53016 [ACK] Seq=11584 Ack=23086 Win=525056 Len=0,,,,,,,,,
680,336.080122,204.79.197.200,192.168.100.41,TCP,56,443  >  53016 [ACK] Seq=11584 Ack=24864 Win=525056 Len=0,,,,,,,,,
681,336.080319,204.79.197.200,192.168.100.41,TLSv1.2,198,Application Data,,,,,,,,,
682,339.125176,192.168.100.41,204.79.197.200,TCP,54,53016  >  443 [ACK] Seq=24864 Ack=11728 Win=261632 Len=0,,,,,,,,,
686,339.126665,192.168.100.41,204.79.197.200,TLSv1.2,506,Application Data,,,,,,,,,
687,339.126665,192.168.100.41,204.79.197.200,TCP,1466,53016  >  443 [ACK] Seq=25316 Ack=11728 Win=261632 Len=1412 [TCP segment of a reassembled PDU],,,,,,,,,
688,339.126665,192.168.100.41,204.79.197.200,TCP,1466,53016  >  443 [ACK] Seq=26728 Ack=11728 Win=261632 Len=1412 [TCP segment of a reassembled PDU],,,,,,,,,
689,339.126665,192.168.100.41,204.79.197.200,TCP,1466,53016  >  443 [ACK] Seq=28140 Ack=11728 Win=261632 Len=1412 [TCP segment of a reassembled PDU],,,,,,,,,
690,339.126665,192.168.100.41,204.79.197.200,TCP,1466,53016  >  443 [ACK] Seq=29552 Ack=11728 Win=261632 Len=1412 [TCP segment of a reassembled PDU],,,,,,,,,
691,339.126665,192.168.100.41,204.79.197.200,TCP,1466,53016  >  443 [ACK] Seq=30964 Ack=11728 Win=261632 Len=1412 [TCP segment of a reassembled PDU],,,,,,,,,
692,339.126665,192.168.100.41,204.79.197.200,TCP,1466,53016  >  443 [ACK] Seq=32376 Ack=11728 Win=261632 Len=1412 [TCP segment of a reassembled PDU],,,,,,,,,
693,339.126665,192.168.100.41,204.79.197.200,TCP,1466,53016  >  443 [ACK] Seq=33788 Ack=11728 Win=261632 Len=1412 [TCP segment of a reassembled PDU],,,,,,,,,
694,339.126665,192.168.100.41,204.79.197.200,TCP,1466,53016  >  443 [ACK] Seq=35200 Ack=11728 Win=261632 Len=1412 [TCP segment of a reassembled PDU],,,,,,,,,
695,339.126665,192.168.100.41,204.79.197.200,TCP,1466,53016  >  443 [ACK] Seq=36612 Ack=11728 Win=261632 Len=1412 [TCP segment of a reassembled PDU],,,,,,,,,
696,339.126665,192.168.100.41,204.79.197.200,TCP,1466,53016  >  443 [ACK] Seq=38024 Ack=11728 Win=261632 Len=1412 [TCP segment of a reassembled PDU],,,,,,,,,
697,339.126665,192.168.100.41,204.79.197.200,TCP,1466,53016  >  443 [ACK] Seq=39436 Ack=11728 Win=261632 Len=1412 [TCP segment of a reassembled PDU],,,,,,,,,
698,339.127112,192.168.100.41,204.79.197.200,TLSv1.2,906,Application Data,,,,,,,,,
699,339.127497,192.168.100.41,204.79.197.200,TLSv1.2,642,Application Data,,,,,,,,,
700,339.144141,192.168.100.41,204.79.197.200,TLSv1.2,92,Application Data,,,,,,,,,
701,339.145457,204.79.197.200,192.168.100.41,TCP,56,443  >  53016 [ACK] Seq=11728 Ack=25316 Win=524800 Len=0,,,,,,,,,
702,339.145673,204.79.197.200,192.168.100.41,TCP,56,443  >  53016 [ACK] Seq=11728 Ack=26728 Win=525056 Len=0,,,,,,,,,
703,339.146099,204.79.197.200,192.168.100.41,TCP,56,443  >  53016 [ACK] Seq=11728 Ack=28140 Win=525056 Len=0,,,,,,,,,
704,339.146099,204.79.197.200,192.168.100.41,TCP,56,443  >  53016 [ACK] Seq=11728 Ack=29552 Win=525056 Len=0,,,,,,,,,
705,339.146099,204.79.197.200,192.168.100.41,TCP,56,443  >  53016 [ACK] Seq=11728 Ack=30964 Win=525056 Len=0,,,,,,,,,
706,339.146099,204.79.197.200,192.168.100.41,TCP,56,443  >  53016 [ACK] Seq=11728 Ack=32376 Win=525056 Len=0,,,,,,,,,
707,339.14661,204.79.197.200,192.168.100.41,TCP,56,443  >  53016 [ACK] Seq=11728 Ack=33788 Win=525056 Len=0,,,,,,,,,
708,339.14661,204.79.197.200,192.168.100.41,TCP,56,443  >  53016 [ACK] Seq=11728 Ack=36612 Win=525056 Len=0,,,,,,,,,
709,339.14661,204.79.197.200,192.168.100.41,TCP,56,443  >  53016 [ACK] Seq=11728 Ack=38024 Win=525056 Len=0,,,,,,,,,
710,339.14661,204.79.197.200,192.168.100.41,TCP,56,443  >  53016 [ACK] Seq=11728 Ack=39436 Win=525056 Len=0,,,,,,,,,
711,339.146946,204.79.197.200,192.168.100.41,TCP,56,443  >  53016 [ACK] Seq=11728 Ack=40848 Win=525056 Len=0,,,,,,,,,
712,339.146946,204.79.197.200,192.168.100.41,TCP,56,443  >  53016 [ACK] Seq=11728 Ack=41700 Win=524288 Len=0,,,,,,,,,
713,339.146946,204.79.197.200,192.168.100.41,TCP,56,443  >  53016 [ACK] Seq=11728 Ack=42288 Win=525056 Len=0,,,,,,,,,
714,339.186976,204.79.197.200,192.168.100.41,TCP,56,443  >  53016 [ACK] Seq=11728 Ack=42326 Win=525056 Len=0,,,,,,,,,
715,339.187148,204.79.197.200,192.168.100.41,TLSv1.2,196,Application Data,,,,,,,,,
716,339.466673,192.168.100.41,204.79.197.200,TCP,54,53016  >  443 [ACK] Seq=42326 Ack=11870 Win=261376 Len=0,,,,,,,,,
719,339.51962,192.168.100.41,168.63.202.111,TCP,66,53019  >  443 [SYN] Seq=0 Win=65535 Len=0 MSS=1460 WS=256 SACK_PERM=1,,,,,,,,,
720,339.519817,168.63.202.111,192.168.100.41,TCP,66,"443  >  53019 [SYN, ACK] Seq=0 Ack=1 Win=8192 Len=0 MSS=1412 WS=256 SACK_PERM=1",,,,,,,,,
721,339.549178,192.168.100.41,168.63.202.111,TCP,54,53019  >  443 [ACK] Seq=1 Ack=1 Win=262144 Len=0,,,,,,,,,
722,339.604904,192.168.100.41,168.63.202.111,TLSv1.2,259,Client Hello,,,,,,,,,
723,339.605078,168.63.202.111,192.168.100.41,TCP,1466,443  >  53019 [ACK] Seq=1 Ack=206 Win=262400 Len=1412 [TCP segment of a reassembled PDU],,,,,,,,,
724,339.606096,192.168.100.41,168.63.202.111,TCP,54,53019  >  443 [ACK] Seq=206 Ack=1413 Win=262144 Len=0,,,,,,,,,
725,339.606096,168.63.202.111,192.168.100.41,TCP,1466,443  >  53019 [ACK] Seq=1413 Ack=206 Win=262400 Len=1412 [TCP segment of a reassembled PDU],,,,,,,,,
726,339.606096,168.63.202.111,192.168.100.41,TCP,1466,443  >  53019 [ACK] Seq=2825 Ack=206 Win=262400 Len=1412 [TCP segment of a reassembled PDU],,,,,,,,,
727,339.606096,168.63.202.111,192.168.100.41,TCP,1466,443  >  53019 [ACK] Seq=4237 Ack=206 Win=262400 Len=1412 [TCP segment of a reassembled PDU],,,,,,,,,
728,339.606286,168.63.202.111,192.168.100.41,TLSv1.2,1405,"Server Hello, Certificate, Certificate Status, Server Key Exchange, Server Hello Done",,,,,,,,,
729,339.630527,192.168.100.41,168.63.202.111,TCP,54,53019  >  443 [ACK] Seq=206 Ack=7000 Win=262144 Len=0,,,,,,,,,
730,339.68307,192.168.100.41,168.63.202.111,TLSv1.2,147,"Client Key Exchange, Change Cipher Spec, Encrypted Handshake Message",,,,,,,,,
731,339.683228,168.63.202.111,192.168.100.41,TLSv1.2,105,"Change Cipher Spec, Encrypted Handshake Message",,,,,,,,,
732,339.692229,192.168.100.41,168.63.202.111,TCP,54,53019  >  443 [ACK] Seq=299 Ack=7051 Win=261888 Len=0,,,,,,,,,
733,339.692948,192.168.100.41,168.63.202.111,TLSv1.2,522,Application Data,,,,,,,,,
734,339.714407,192.168.100.41,168.63.202.111,TLSv1.2,1309,Application Data,,,,,,,,,
735,339.714568,192.168.100.41,117.18.232.200,TCP,54,"[TCP Retransmission] 52876  >  443 [FIN, ACK] Seq=1 Ack=1 Win=1023 Len=0",,,,,,,,,
736,339.747187,192.168.100.41,117.18.232.200,TCP,54,"[TCP Retransmission] 52877  >  443 [FIN, ACK] Seq=1 Ack=1 Win=1019 Len=0",,,,,,,,,
737,339.748017,168.63.202.111,192.168.100.41,TCP,56,443  >  53019 [ACK] Seq=7051 Ack=2022 Win=262400 Len=0,,,,,,,,,
738,339.748155,168.63.202.111,192.168.100.41,TCP,1466,443  >  53019 [ACK] Seq=7051 Ack=2022 Win=262400 Len=1412 [TCP segment of a reassembled PDU],,,,,,,,,
739,339.748675,192.168.100.41,168.63.202.111,TCP,54,53019  >  443 [ACK] Seq=2022 Ack=8463 Win=262144 Len=0,,,,,,,,,
740,339.748775,168.63.202.111,192.168.100.41,TLSv1.2,124,Application Data,,,,,,,,,
741,339.865752,192.168.100.41,168.63.202.111,TCP,54,53019  >  443 [ACK] Seq=2022 Ack=8534 Win=261888 Len=0,,,,,,,,,
742,339.917732,192.168.100.41,168.63.202.111,TCP,54,"53019  >  443 [FIN, ACK] Seq=2022 Ack=8534 Win=261888 Len=0",,,,,,,,,
743,340.970769,168.63.202.111,192.168.100.41,TCP,56,443  >  53019 [ACK] Seq=8534 Ack=2023 Win=262400 Len=0,,,,,,,,,
744,340.974032,192.168.100.41,93.184.216.34,TCP,66,53020  >  80 [SYN] Seq=0 Win=64240 Len=0 MSS=1460 WS=256 SACK_PERM=1,,,,,,,,,
745,340.974347,93.184.216.34,192.168.100.41,TCP,62,"80  >  53020 [SYN, ACK] Seq=0 Ack=1 Win=4236 Len=0 MSS=1412 SACK_PERM=1",,,,,,,,,
746,340.977131,192.168.100.41,93.184.216.34,TCP,54,53020  >  80 [ACK] Seq=1 Ack=1 Win=64240 Len=0,,,,,,,,,
747,340.979552,192.168.100.41,93.184.216.34,TCP,54,"53020  >  80 [FIN, ACK] Seq=1 Ack=1 Win=64240 Len=0",,,,,,,,,
748,340.979973,93.184.216.34,192.168.100.41,TCP,54,80  >  53020 [ACK] Seq=1 Ack=2 Win=4236 Len=0,,,,,,,,,
749,340.98018,93.184.216.34,192.168.100.41,TCP,54,"80  >  53020 [FIN, ACK] Seq=1 Ack=2 Win=4236 Len=0",,,,,,,,,
750,341.550182,192.168.100.41,93.184.216.34,TCP,54,53020  >  80 [ACK] Seq=2 Ack=2 Win=64240 Len=0,,,,,,,,,
751,341.569676,192.168.100.41,52.113.196.254,TCP,66,53021  >  443 [SYN] Seq=0 Win=65535 Len=0 MSS=1460 WS=256 SACK_PERM=1,,,,,,,,,
752,341.569951,52.113.196.254,192.168.100.41,TCP,66,"443  >  53021 [SYN, ACK] Seq=0 Ack=1 Win=65535 Len=0 MSS=1412 WS=256 SACK_PERM=1",,,,,,,,,
753,341.571034,192.168.100.41,52.113.196.254,TCP,54,53021  >  443 [ACK] Seq=1 Ack=1 Win=262144 Len=0,,,,,,,,,
754,341.590076,192.168.100.41,52.113.196.254,TLSv1.2,556,Client Hello,,,,,,,,,
755,341.59042,52.113.196.254,192.168.100.41,TCP,54,443  >  53021 [ACK] Seq=1 Ack=503 Win=261888 Len=0,,,,,,,,,
756,341.59058,52.113.196.254,192.168.100.41,TLSv1.2,212,"Server Hello, Change Cipher Spec, Encrypted Handshake Message",,,,,,,,,
757,341.595753,192.168.100.41,52.113.196.254,TCP,54,53021  >  443 [ACK] Seq=503 Ack=159 Win=261888 Len=0,,,,,,,,,
758,341.614495,192.168.100.41,52.113.196.254,TLSv1.2,105,"Change Cipher Spec, Encrypted Handshake Message",,,,,,,,,
759,341.614778,52.113.196.254,192.168.100.41,TCP,56,443  >  53021 [ACK] Seq=159 Ack=554 Win=261888 Len=0,,,,,,,,,
760,341.614915,52.113.196.254,192.168.100.41,TLSv1.2,123,Application Data,,,,,,,,,
761,341.631418,192.168.100.41,52.113.196.254,TCP,54,53021  >  443 [ACK] Seq=554 Ack=228 Win=261888 Len=0,,,,,,,,,
762,341.63162,192.168.100.41,52.113.196.254,TLSv1.2,141,Application Data,,,,,,,,,
763,341.632139,192.168.100.41,52.113.196.254,TLSv1.2,554,Application Data,,,,,,,,,
764,341.650056,192.168.100.41,52.113.196.254,TLSv1.2,92,Application Data,,,,,,,,,
765,341.650321,52.113.196.254,192.168.100.41,TCP,56,443  >  53021 [ACK] Seq=228 Ack=641 Win=261888 Len=0,,,,,,,,,
766,341.650413,52.113.196.254,192.168.100.41,TLSv1.2,92,Application Data,,,,,,,,,
767,341.650705,192.168.100.41,52.113.196.254,TCP,54,53021  >  443 [ACK] Seq=1179 Ack=266 Win=261632 Len=0,,,,,,,,,
768,341.653993,52.113.196.254,192.168.100.41,TCP,56,443  >  53021 [ACK] Seq=266 Ack=1179 Win=261376 Len=0,,,,,,,,,
769,341.654149,52.113.196.254,192.168.100.41,TLSv1.2,541,Application Data,,,,,,,,,
770,341.654365,192.168.100.41,52.113.196.254,TCP,54,53021  >  443 [ACK] Seq=1179 Ack=753 Win=261376 Len=0,,,,,,,,,
771,341.65442,52.113.196.254,192.168.100.41,TLSv1.2,92,Application Data,,,,,,,,,
772,341.662484,192.168.100.41,52.113.196.254,TCP,54,53021  >  443 [ACK] Seq=1179 Ack=791 Win=261120 Len=0,,,,,,,,,
773,341.681113,192.168.100.41,52.113.196.254,TLSv1.2,137,Application Data,,,,,,,,,
774,341.683443,52.113.196.254,192.168.100.41,TCP,56,443  >  53021 [ACK] Seq=791 Ack=1262 Win=261120 Len=0,,,,,,,,,
775,341.683537,52.113.196.254,192.168.100.41,TLSv1.2,229,Application Data,,,,,,,,,
776,341.683818,192.168.100.41,52.113.196.254,TCP,54,53021  >  443 [ACK] Seq=1262 Ack=966 Win=261120 Len=0,,,,,,,,,
777,341.683892,52.113.196.254,192.168.100.41,TLSv1.2,92,Application Data,,,,,,,,,
778,341.699228,192.168.100.41,52.113.196.254,TCP,54,53021  >  443 [ACK] Seq=1262 Ack=1004 Win=261120 Len=0,,,,,,,,,
779,341.718258,192.168.100.41,131.253.33.254,TCP,66,53022  >  443 [SYN] Seq=0 Win=65535 Len=0 MSS=1460 WS=256 SACK_PERM=1,,,,,,,,,
780,341.718444,131.253.33.254,192.168.100.41,TCP,66,"443  >  53022 [SYN, ACK] Seq=0 Ack=1 Win=65535 Len=0 MSS=1412 WS=256 SACK_PERM=1",,,,,,,,,
781,341.719227,192.168.100.41,131.253.33.254,TCP,54,53022  >  443 [ACK] Seq=1 Ack=1 Win=262144 Len=0,,,,,,,,,
782,341.738893,192.168.100.41,131.253.33.254,TLSv1.2,561,Client Hello,,,,,,,,,
783,341.739286,131.253.33.254,192.168.100.41,TCP,54,443  >  53022 [ACK] Seq=1 Ack=508 Win=261888 Len=0,,,,,,,,,
784,341.739392,131.253.33.254,192.168.100.41,TLSv1.2,212,"Server Hello, Change Cipher Spec, Encrypted Handshake Message",,,,,,,,,
785,341.74167,192.168.100.41,131.253.33.254,TCP,54,53022  >  443 [ACK] Seq=508 Ack=159 Win=261888 Len=0,,,,,,,,,
786,341.750918,192.168.100.41,131.253.33.254,TLSv1.2,105,"Change Cipher Spec, Encrypted Handshake Message",,,,,,,,,
787,341.75141,192.168.100.41,131.253.33.254,TLSv1.2,141,Application Data,,,,,,,,,
788,341.760052,192.168.100.41,131.253.33.254,TLSv1.2,556,Application Data,,,,,,,,,
789,341.760469,131.253.33.254,192.168.100.41,TCP,56,443  >  53022 [ACK] Seq=159 Ack=559 Win=261888 Len=0,,,,,,,,,
790,341.760574,131.253.33.254,192.168.100.41,TLSv1.2,123,Application Data,,,,,,,,,
791,341.768645,192.168.100.41,131.253.33.254,TCP,54,53022  >  443 [ACK] Seq=1148 Ack=228 Win=261888 Len=0,,,,,,,,,
792,341.769434,192.168.100.41,131.253.33.254,TLSv1.2,92,Application Data,,,,,,,,,
793,341.770209,131.253.33.254,192.168.100.41,TCP,56,443  >  53022 [ACK] Seq=228 Ack=646 Win=261888 Len=0,,,,,,,,,
794,341.770366,131.253.33.254,192.168.100.41,TLSv1.2,92,Application Data,,,,,,,,,
795,341.773266,192.168.100.41,131.253.33.254,TCP,54,53022  >  443 [ACK] Seq=1186 Ack=266 Win=261632 Len=0,,,,,,,,,
796,341.773428,131.253.33.254,192.168.100.41,TLSv1.2,541,Application Data,,,,,,,,,
797,341.773636,192.168.100.41,131.253.33.254,TCP,54,53022  >  443 [ACK] Seq=1186 Ack=753 Win=261376 Len=0,,,,,,,,,
798,341.773691,131.253.33.254,192.168.100.41,TLSv1.2,92,Application Data,,,,,,,,,
799,341.779039,192.168.100.41,131.253.33.254,TCP,54,53022  >  443 [ACK] Seq=1186 Ack=791 Win=261120 Len=0,,,,,,,,,
800,341.786891,192.168.100.41,131.253.33.254,TLSv1.2,136,Application Data,,,,,,,,,
801,341.798254,131.253.33.254,192.168.100.41,TCP,56,443  >  53022 [ACK] Seq=791 Ack=1186 Win=261376 Len=0,,,,,,,,,
802,341.801272,131.253.33.254,192.168.100.41,TCP,56,443  >  53022 [ACK] Seq=791 Ack=1268 Win=261120 Len=0,,,,,,,,,
803,341.801407,131.253.33.254,192.168.100.41,TLSv1.2,228,Application Data,,,,,,,,,
804,341.801611,192.168.100.41,131.253.33.254,TCP,54,53022  >  443 [ACK] Seq=1268 Ack=965 Win=261120 Len=0,,,,,,,,,
805,341.801664,131.253.33.254,192.168.100.41,TLSv1.2,92,Application Data,,,,,,,,,
806,341.808817,192.168.100.41,131.253.33.254,TCP,54,53022  >  443 [ACK] Seq=1268 Ack=1003 Win=261120 Len=0,,,,,,,,,
807,341.823264,192.168.100.41,117.18.232.200,TCP,66,53023  >  443 [SYN] Seq=0 Win=65535 Len=0 MSS=1460 WS=256 SACK_PERM=1,,,,,,,,,
808,341.823469,117.18.232.200,192.168.100.41,TCP,66,"443  >  53023 [SYN, ACK] Seq=0 Ack=1 Win=65535 Len=0 MSS=1412 SACK_PERM=1 WS=512",,,,,,,,,
809,341.824095,192.168.100.41,117.18.232.200,TCP,54,53023  >  443 [ACK] Seq=1 Ack=1 Win=262144 Len=0,,,,,,,,,
810,341.837526,192.168.100.41,117.18.232.200,TLSv1.2,430,Client Hello,,,,,,,,,
811,341.83869,117.18.232.200,192.168.100.41,TCP,54,443  >  53023 [ACK] Seq=1 Ack=377 Win=67072 Len=0,,,,,,,,,
812,341.838854,117.18.232.200,192.168.100.41,TLSv1.2,1466,Server Hello,,,,,,,,,
813,341.839353,192.168.100.41,117.18.232.200,TCP,54,53023  >  443 [ACK] Seq=377 Ack=1413 Win=262144 Len=0,,,,,,,,,
814,341.839353,117.18.232.200,192.168.100.41,TCP,1466,443  >  53023 [ACK] Seq=1413 Ack=377 Win=67072 Len=1412 [TCP segment of a reassembled PDU],,,,,,,,,
815,341.839489,117.18.232.200,192.168.100.41,TCP,1326,"443  >  53023 [PSH, ACK] Seq=2825 Ack=377 Win=67072 Len=1272 [TCP segment of a reassembled PDU]",,,,,,,,,
816,341.840392,192.168.100.41,117.18.232.200,TCP,54,53023  >  443 [ACK] Seq=377 Ack=4097 Win=262144 Len=0,,,,,,,,,
817,341.840392,117.18.232.200,192.168.100.41,TCP,1466,443  >  53023 [ACK] Seq=4097 Ack=377 Win=67072 Len=1412 [TCP segment of a reassembled PDU],,,,,,,,,
818,341.840392,117.18.232.200,192.168.100.41,TLSv1.2,1466,Certificate [TCP segment of a reassembled PDU],,,,,,,,,
819,341.840392,117.18.232.200,192.168.100.41,TLSv1.2,1326,Certificate Status [TCP segment of a reassembled PDU],,,,,,,,,
820,341.840577,117.18.232.200,192.168.100.41,TLSv1.2,206,"Server Key Exchange, Server Hello Done",,,,,,,,,
821,341.846016,192.168.100.41,117.18.232.200,TCP,54,53023  >  443 [ACK] Seq=377 Ack=8345 Win=262144 Len=0,,,,,,,,,
822,341.846687,192.168.100.41,117.18.232.200,TLSv1.2,180,"Client Key Exchange, Change Cipher Spec, Encrypted Handshake Message",,,,,,,,,
823,341.846879,192.168.100.41,117.18.232.200,TLSv1.2,141,Application Data,,,,,,,,,
824,341.860193,192.168.100.41,117.18.232.200,TLSv1.2,392,Application Data,,,,,,,,,
825,341.861433,117.18.232.200,192.168.100.41,TCP,56,443  >  53023 [ACK] Seq=8345 Ack=928 Win=68096 Len=0,,,,,,,,,
826,341.861594,117.18.232.200,192.168.100.41,TLSv1.2,280,"New Session Ticket, Change Cipher Spec, Encrypted Handshake Message",,,,,,,,,
827,341.861858,192.168.100.41,117.18.232.200,TCP,54,53023  >  443 [ACK] Seq=928 Ack=8571 Win=261888 Len=0,,,,,,,,,
828,341.86191,117.18.232.200,192.168.100.41,TLSv1.2,202,"Application Data, Application Data, Application Data",,,,,,,,,
829,341.863437,192.168.100.41,117.18.232.200,TCP,54,53023  >  443 [ACK] Seq=928 Ack=8719 Win=261632 Len=0,,,,,,,,,
830,341.881686,192.168.100.41,117.18.232.200,TLSv1.2,92,Application Data,,,,,,,,,
831,341.881852,117.18.232.200,192.168.100.41,TLSv1.2,855,"Application Data, Application Data, Application Data",,,,,,,,,
832,341.889296,192.168.100.41,117.18.232.200,TCP,54,53023  >  443 [ACK] Seq=966 Ack=9520 Win=260864 Len=0,,,,,,,,,
833,341.922111,192.168.100.41,117.18.232.200,TLSv1.2,139,Application Data,,,,,,,,,
834,341.922327,117.18.232.200,192.168.100.41,TLSv1.2,322,"Application Data, Application Data, Application Data",,,,,,,,,
835,341.931481,192.168.100.41,117.18.232.200,TCP,54,53023  >  443 [ACK] Seq=1051 Ack=9788 Win=262144 Len=0,,,,,,,,,
836,341.950485,192.168.100.41,204.79.197.222,TCP,66,53024  >  443 [SYN] Seq=0 Win=65535 Len=0 MSS=1460 WS=256 SACK_PERM=1,,,,,,,,,
837,341.950673,204.79.197.222,192.168.100.41,TCP,66,"443  >  53024 [SYN, ACK] Seq=0 Ack=1 Win=65535 Len=0 MSS=1412 WS=256 SACK_PERM=1",,,,,,,,,
838,341.951499,192.168.100.41,204.79.197.222,TCP,54,53024  >  443 [ACK] Seq=1 Ack=1 Win=262144 Len=0,,,,,,,,,
839,341.970929,192.168.100.41,204.79.197.222,TLSv1.2,548,Client Hello,,,,,,,,,
840,341.971131,204.79.197.222,192.168.100.41,TCP,54,443  >  53024 [ACK] Seq=1 Ack=495 Win=524544 Len=0,,,,,,,,,
841,341.971241,204.79.197.222,192.168.100.41,TLSv1.2,212,"Server Hello, Change Cipher Spec, Encrypted Handshake Message",,,,,,,,,
842,341.972381,192.168.100.41,204.79.197.222,TCP,54,53024  >  443 [ACK] Seq=495 Ack=159 Win=261888 Len=0,,,,,,,,,
843,341.980333,192.168.100.41,204.79.197.222,TLSv1.2,105,"Change Cipher Spec, Encrypted Handshake Message",,,,,,,,,
844,341.980546,192.168.100.41,204.79.197.222,TLSv1.2,141,Application Data,,,,,,,,,
845,341.990165,192.168.100.41,204.79.197.222,TLSv1.2,906,Application Data,,,,,,,,,
846,341.990598,204.79.197.222,192.168.100.41,TCP,56,443  >  53024 [ACK] Seq=159 Ack=546 Win=524544 Len=0,,,,,,,,,
847,341.990729,204.79.197.222,192.168.100.41,TLSv1.2,123,Application Data,,,,,,,,,
848,341.991088,192.168.100.41,204.79.197.222,TCP,54,53024  >  443 [ACK] Seq=1485 Ack=228 Win=261888 Len=0,,,,,,,,,
849,341.998497,192.168.100.41,204.79.197.222,TLSv1.2,92,Application Data,,,,,,,,,
850,341.998701,204.79.197.222,192.168.100.41,TCP,56,443  >  53024 [ACK] Seq=228 Ack=633 Win=524544 Len=0,,,,,,,,,
851,341.998808,204.79.197.222,192.168.100.41,TLSv1.2,92,Application Data,,,,,,,,,
852,342.001273,192.168.100.41,204.79.197.222,TCP,54,53024  >  443 [ACK] Seq=1523 Ack=266 Win=261632 Len=0,,,,,,,,,
853,342.00143,204.79.197.222,192.168.100.41,TLSv1.2,263,Application Data,,,,,,,,,
854,342.00165,192.168.100.41,204.79.197.222,TCP,54,53024  >  443 [ACK] Seq=1523 Ack=475 Win=261632 Len=0,,,,,,,,,
855,342.001723,204.79.197.222,192.168.100.41,TLSv1.2,92,Application Data,,,,,,,,,
856,342.009251,192.168.100.41,204.79.197.222,TCP,54,53024  >  443 [ACK] Seq=1523 Ack=513 Win=261632 Len=0,,,,,,,,,
857,344.537688,204.79.197.222,192.168.100.41,TCP,56,443  >  53024 [ACK] Seq=513 Ack=1523 Win=525056 Len=0,,,,,,,,,
858,344.540359,192.168.100.41,204.79.197.200,TLSv1.2,1004,Application Data,,,,,,,,,
859,344.540359,192.168.100.41,204.79.197.200,TCP,1466,53016  >  443 [ACK] Seq=43276 Ack=11870 Win=261376 Len=1412 [TCP segment of a reassembled PDU],,,,,,,,,
860,344.540359,192.168.100.41,204.79.197.200,TCP,1466,53016  >  443 [ACK] Seq=44688 Ack=11870 Win=261376 Len=1412 [TCP segment of a reassembled PDU],,,,,,,,,
861,344.540926,192.168.100.41,204.79.197.200,TLSv1.2,580,Application Data,,,,,,,,,
862,344.557142,192.168.100.41,204.79.197.200,TLSv1.2,92,Application Data,,,,,,,,,
863,344.559298,204.79.197.200,192.168.100.41,TCP,56,443  >  53016 [ACK] Seq=11870 Ack=43276 Win=524032 Len=0,,,,,,,,,
864,344.559505,204.79.197.200,192.168.100.41,TCP,56,443  >  53016 [ACK] Seq=11870 Ack=44688 Win=525056 Len=0,,,,,,,,,
865,344.559837,204.79.197.200,192.168.100.41,TCP,56,443  >  53016 [ACK] Seq=11870 Ack=46626 Win=525056 Len=0,,,,,,,,,
866,344.596703,204.79.197.200,192.168.100.41,TCP,56,443  >  53016 [ACK] Seq=11870 Ack=46664 Win=525056 Len=0,,,,,,,,,
867,344.596857,204.79.197.200,192.168.100.41,TLSv1.2,196,Application Data,,,,,,,,,
868,345.981785,192.168.100.41,204.79.197.200,TCP,54,53016  >  443 [ACK] Seq=46664 Ack=12012 Win=261376 Len=0,,,,,,,,,
869,345.985237,192.168.100.41,93.184.216.34,TCP,66,53025  >  80 [SYN] Seq=0 Win=64240 Len=0 MSS=1460 WS=256 SACK_PERM=1,,,,,,,,,
870,345.985551,93.184.216.34,192.168.100.41,TCP,62,"80  >  53025 [SYN, ACK] Seq=0 Ack=1 Win=4236 Len=0 MSS=1412 SACK_PERM=1",,,,,,,,,
871,345.986472,192.168.100.41,93.184.216.34,TCP,54,53025  >  80 [ACK] Seq=1 Ack=1 Win=64240 Len=0,,,,,,,,,
872,345.988694,192.168.100.41,93.184.216.34,TCP,54,"53025  >  80 [FIN, ACK] Seq=1 Ack=1 Win=64240 Len=0",,,,,,,,,
873,345.989052,93.184.216.34,192.168.100.41,TCP,54,80  >  53025 [ACK] Seq=1 Ack=2 Win=4236 Len=0,,,,,,,,,
874,345.989253,93.184.216.34,192.168.100.41,TCP,54,"80  >  53025 [FIN, ACK] Seq=1 Ack=2 Win=4236 Len=0",,,,,,,,,
875,349.320413,192.168.100.41,93.184.216.34,TCP,54,53025  >  80 [ACK] Seq=2 Ack=2 Win=64240 Len=0,,,,,,,,,
879,349.320601,192.168.100.41,117.18.232.200,TCP,54,"52876  >  443 [RST, ACK] Seq=2 Ack=1 Win=0 Len=0",,,,,,,,,
880,350.995607,192.168.100.41,117.18.232.200,TCP,54,"52877  >  443 [RST, ACK] Seq=2 Ack=1 Win=0 Len=0",,,,,,,,,
881,350.999074,192.168.100.41,93.184.216.34,TCP,66,53026  >  80 [SYN] Seq=0 Win=64240 Len=0 MSS=1460 WS=256 SACK_PERM=1,,,,,,,,,
882,350.999387,93.184.216.34,192.168.100.41,TCP,62,"80  >  53026 [SYN, ACK] Seq=0 Ack=1 Win=4236 Len=0 MSS=1412 SACK_PERM=1",,,,,,,,,
883,351.000298,192.168.100.41,93.184.216.34,TCP,54,53026  >  80 [ACK] Seq=1 Ack=1 Win=64240 Len=0,,,,,,,,,
884,351.002201,192.168.100.41,93.184.216.34,TCP,54,"53026  >  80 [FIN, ACK] Seq=1 Ack=1 Win=64240 Len=0",,,,,,,,,
885,351.002506,93.184.216.34,192.168.100.41,TCP,54,80  >  53026 [ACK] Seq=1 Ack=2 Win=4236 Len=0,,,,,,,,,
886,351.002703,93.184.216.34,192.168.100.41,TCP,54,"80  >  53026 [FIN, ACK] Seq=1 Ack=2 Win=4236 Len=0",,,,,,,,,
887,356.009126,192.168.100.41,93.184.216.34,TCP,54,53026  >  80 [ACK] Seq=2 Ack=2 Win=64240 Len=0,,,,,,,,,
888,356.012283,192.168.100.41,93.184.216.34,TCP,66,53027  >  80 [SYN] Seq=0 Win=64240 Len=0 MSS=1460 WS=256 SACK_PERM=1,,,,,,,,,
889,356.012596,93.184.216.34,192.168.100.41,TCP,62,"80  >  53027 [SYN, ACK] Seq=0 Ack=1 Win=4236 Len=0 MSS=1412 SACK_PERM=1",,,,,,,,,
890,356.013185,192.168.100.41,93.184.216.34,TCP,54,53027  >  80 [ACK] Seq=1 Ack=1 Win=64240 Len=0,,,,,,,,,
891,356.015455,192.168.100.41,93.184.216.34,TCP,54,"53027  >  80 [FIN, ACK] Seq=1 Ack=1 Win=64240 Len=0",,,,,,,,,
892,356.01576,93.184.216.34,192.168.100.41,TCP,54,80  >  53027 [ACK] Seq=1 Ack=2 Win=4236 Len=0,,,,,,,,,
893,356.015954,93.184.216.34,192.168.100.41,TCP,54,"80  >  53027 [FIN, ACK] Seq=1 Ack=2 Win=4236 Len=0",,,,,,,,,
894,357.694016,192.168.100.41,93.184.216.34,TCP,54,53027  >  80 [ACK] Seq=2 Ack=2 Win=64240 Len=0,,,,,,,,,
902,357.69422,40.90.189.152,192.168.100.41,TCP,54,[TCP Dup ACK 475#3] 443  >  58153 [ACK] Seq=1660944385 Ack=170 Win=52252 Len=0,,,,,,,,,
903,,192.168.100.41,40.90.189.152,TCP,54,[TCP Dup ACK 419#4] 58153  >  443 [ACK] Seq=179943567 Ack=1297691943 Win=508 Len=0,,,,,,,,,
